time_s,radius_cm,numerical,series,absolute_error
1.000000000000000000e+00,0.000000000000000000e+00,2.800000000000000000e+01,2.800000000000018829e+01,1.882938249764265493e-13
1.000000000000000000e+00,1.000000000000000056e-01,2.800000000000000000e+01,2.800000000000014921e+01,1.492139745096210390e-13
1.000000000000000000e+00,2.000000000000000111e-01,2.800000000000000000e+01,2.800000000000004974e+01,4.973799150320701301e-14
1.000000000000000000e+00,3.000000000000000444e-01,2.800000000000000000e+01,2.800000000000000711e+01,7.105427357601001859e-15
1.000000000000000000e+00,4.000000000000000222e-01,2.800000000000000000e+01,2.800000000000002132e+01,2.131628207280300558e-14
1.000000000000000000e+00,5.000000000000000000e-01,2.800000000000000000e+01,2.800000000000004974e+01,4.973799150320701301e-14
1.000000000000000000e+00,6.000000000000000888e-01,2.800000000000000000e+01,2.799999999999999289e+01,7.105427357601001859e-15
1.000000000000000000e+00,7.000000000000000666e-01,2.800000000000000000e+01,2.799999999999996447e+01,3.552713678800500929e-14
1.000000000000000000e+00,8.000000000000000444e-01,2.800000000000000000e+01,2.799999999999994316e+01,5.684341886080801487e-14
1.000000000000000000e+00,9.000000000000000222e-01,2.800000000000000000e+01,2.799999999999996447e+01,3.552713678800500929e-14
1.000000000000000000e+00,1.000000000000000000e+00,2.800000000000000000e+01,2.799999999999997158e+01,2.842170943040400743e-14
1.000000000000000000e+00,1.100000000000000089e+00,2.800000000000000000e+01,2.799999999999995026e+01,4.973799150320701301e-14
1.000000000000000000e+00,1.200000000000000178e+00,2.800000000000000000e+01,2.799999999999994316e+01,5.684341886080801487e-14
1.000000000000000000e+00,1.300000000000000044e+00,2.800000000000000000e+01,2.799999999999996447e+01,3.552713678800500929e-14
1.000000000000000000e+00,1.400000000000000133e+00,2.800000000000000000e+01,2.800000000000000000e+01,0.000000000000000000e+00
1.000000000000000000e+00,1.500000000000000000e+00,2.800000000000000000e+01,2.800000000000002132e+01,2.131628207280300558e-14
1.000000000000000000e+00,1.600000000000000089e+00,2.800000000000037303e+01,2.800000000000039435e+01,2.131628207280300558e-14
1.000000000000000000e+00,1.700000000000000178e+00,2.800000001927216431e+01,2.800000001927012505e+01,2.039257651631487533e-12
1.000000000000000000e+00,1.800000000000000044e+00,2.800006229367689059e+01,2.800006229272744207e+01,9.494485198047186714e-10
1.000000000000000000e+00,1.900000000000000133e+00,2.801425961444351387e+01,2.801425961436164158e+01,8.187228672795754392e-11
1.000000000000000000e+00,2.000000000000000000e+00,2.831686606510600157e+01,2.831686616817427193e+01,1.030682703628826857e-07
2.000000000000000000e+00,0.000000000000000000e+00,2.800000000000000000e+01,2.800000000000014921e+01,1.492139745096210390e-13
2.000000000000000000e+00,1.000000000000000056e-01,2.800000000000000000e+01,2.800000000000012079e+01,1.207922650792170316e-13
2.000000000000000000e+00,2.000000000000000111e-01,2.800000000000000000e+01,2.800000000000004974e+01,4.973799150320701301e-14
2.000000000000000000e+00,3.000000000000000444e-01,2.800000000000000000e+01,2.800000000000002132e+01,2.131628207280300558e-14
2.000000000000000000e+00,4.000000000000000222e-01,2.800000000000000000e+01,2.800000000000002487e+01,2.486899575160350651e-14
2.000000000000000000e+00,5.000000000000000000e-01,2.800000000000000000e+01,2.800000000000003908e+01,3.907985046680551022e-14
2.000000000000000000e+00,6.000000000000000888e-01,2.800000000000000000e+01,2.800000000000000000e+01,0.000000000000000000e+00
2.000000000000000000e+00,7.000000000000000666e-01,2.800000000000000000e+01,2.799999999999996447e+01,3.552713678800500929e-14
2.000000000000000000e+00,8.000000000000000444e-01,2.800000000000000000e+01,2.799999999999994316e+01,5.684341886080801487e-14
2.000000000000000000e+00,9.000000000000000222e-01,2.800000000000000000e+01,2.799999999999995737e+01,4.263256414560601115e-14
2.000000000000000000e+00,1.000000000000000000e+00,2.800000000000000000e+01,2.799999999999996447e+01,3.552713678800500929e-14
2.000000000000000000e+00,1.100000000000000089e+00,2.800000000000000000e+01,2.799999999999995381e+01,4.618527782440651208e-14
2.000000000000000000e+00,1.200000000000000178e+00,2.800000000000000000e+01,2.799999999999995737e+01,4.263256414560601115e-14
2.000000000000000000e+00,1.300000000000000044e+00,2.800000000000000000e+01,2.799999999999997158e+01,2.842170943040400743e-14
2.000000000000000000e+00,1.400000000000000133e+00,2.800000000000002842e+01,2.800000000000003553e+01,7.105427357601001859e-15
2.000000000000000000e+00,1.500000000000000000e+00,2.800000000012038015e+01,2.800000000012033752e+01,4.263256414560601115e-14
2.000000000000000000e+00,1.600000000000000089e+00,2.800000013707756352e+01,2.800000013707291657e+01,4.646949491871055216e-12
2.000000000000000000e+00,1.700000000000000178e+00,2.800003908799440921e+01,2.800003908761823368e+01,3.761755351661122404e-10
2.000000000000000000e+00,1.800000000000000044e+00,2.800292502203494038e+01,2.800292501771432541e+01,4.320614976904835203e-09
2.000000000000000000e+00,1.900000000000000133e+00,2.806251324214876064e+01,2.806251325985352452e+01,1.770476387719099876e-08
2.000000000000000000e+00,2.000000000000000000e+00,2.844517825933552047e+01,2.844517832925189893e+01,6.991637846454068494e-08
5.000000000000000000e+00,0.000000000000000000e+00,2.800000000000000000e+01,2.800000000000010658e+01,1.065814103640150279e-13
5.000000000000000000e+00,1.000000000000000056e-01,2.800000000000000000e+01,2.800000000000008527e+01,8.526512829121202230e-14
5.000000000000000000e+00,2.000000000000000111e-01,2.800000000000000000e+01,2.800000000000005684e+01,5.684341886080801487e-14
5.000000000000000000e+00,3.000000000000000444e-01,2.800000000000000000e+01,2.800000000000003197e+01,3.197442310920450836e-14
5.000000000000000000e+00,4.000000000000000222e-01,2.800000000000000000e+01,2.800000000000002132e+01,2.131628207280300558e-14
5.000000000000000000e+00,5.000000000000000000e-01,2.800000000000000000e+01,2.800000000000002132e+01,2.131628207280300558e-14
5.000000000000000000e+00,6.000000000000000888e-01,2.800000000000000000e+01,2.799999999999999289e+01,7.105427357601001859e-15
5.000000000000000000e+00,7.000000000000000666e-01,2.800000000000000000e+01,2.799999999999997158e+01,2.842170943040400743e-14
5.000000000000000000e+00,8.000000000000000444e-01,2.800000000000000000e+01,2.799999999999995737e+01,4.263256414560601115e-14
5.000000000000000000e+00,9.000000000000000222e-01,2.800000000000000000e+01,2.799999999999995381e+01,4.618527782440651208e-14
5.000000000000000000e+00,1.000000000000000000e+00,2.800000000000000355e+01,2.799999999999996092e+01,4.263256414560601115e-14
5.000000000000000000e+00,1.100000000000000089e+00,2.800000000000071765e+01,2.800000000000068212e+01,3.552713678800500929e-14
5.000000000000000000e+00,1.200000000000000178e+00,2.800000000013313439e+01,2.800000000013305979e+01,7.460698725481051952e-14
5.000000000000000000e+00,1.300000000000000044e+00,2.800000001388383453e+01,2.800000001388318083e+01,6.536993168992921710e-13
5.000000000000000000e+00,1.400000000000000133e+00,2.800000082913019028e+01,2.800000082912245958e+01,7.730704965069890022e-12
5.000000000000000000e+00,1.500000000000000000e+00,2.800002857727201544e+01,2.800002857714078175e+01,1.312336905812117038e-10
5.000000000000000000e+00,1.600000000000000089e+00,2.800057498596138927e+01,2.800057498484780893e+01,1.113580339051623014e-09
5.000000000000000000e+00,1.700000000000000178e+00,2.800686664830462291e+01,2.800686664527939485e+01,3.025228068054275354e-09
5.000000000000000000e+00,1.800000000000000044e+00,2.804987591215129683e+01,2.804987591468100305e+01,2.529706222276217886e-09
5.000000000000000000e+00,1.900000000000000133e+00,2.822842216036497831e+01,2.822842218681450532e+01,2.644952701302827336e-08
5.000000000000000000e+00,2.000000000000000000e+00,2.869484969880502234e+01,2.869484973946748596e+01,4.066246361844605417e-08
1.000000000000000000e+01,0.000000000000000000e+00,2.800000000000000000e+01,2.800000000000006395e+01,6.394884621840901673e-14
1.000000000000000000e+01,1.000000000000000056e-01,2.800000000000000000e+01,2.800000000000006395e+01,6.394884621840901673e-14
1.000000000000000000e+01,2.000000000000000111e-01,2.800000000000000000e+01,2.800000000000004619e+01,4.618527782440651208e-14
1.000000000000000000e+01,3.000000000000000444e-01,2.800000000000000000e+01,2.800000000000003553e+01,3.552713678800500929e-14
1.000000000000000000e+01,4.000000000000000222e-01,2.800000000000000000e+01,2.800000000000002132e+01,2.131628207280300558e-14
1.000000000000000000e+01,5.000000000000000000e-01,2.800000000000000000e+01,2.800000000000000711e+01,7.105427357601001859e-15
1.000000000000000000e+01,6.000000000000000888e-01,2.800000000000000711e+01,2.800000000000000000e+01,7.105427357601001859e-15
1.000000000000000000e+01,7.000000000000000666e-01,2.800000000000044409e+01,2.800000000000041922e+01,2.486899575160350651e-14
1.000000000000000000e+01,8.000000000000000444e-01,2.800000000001930189e+01,2.800000000001926281e+01,3.907985046680551022e-14
1.000000000000000000e+01,9.000000000000000222e-01,2.800000000064411765e+01,2.800000000064398975e+01,1.278976924368180335e-13
1.000000000000000000e+01,1.000000000000000000e+00,2.800000001630031576e+01,2.800000001629976865e+01,5.471179065352771431e-13
1.000000000000000000e+01,1.100000000000000089e+00,2.800000031315862969e+01,2.800000031315623161e+01,2.398081733190338127e-12
1.000000000000000000e+01,1.200000000000000178e+00,2.800000457559564992e+01,2.800000457558064682e+01,1.500310986557451542e-11
1.000000000000000000e+01,1.300000000000000044e+00,2.800005098490693101e+01,2.800005098479542198e+01,1.115090242365113227e-10
1.000000000000000000e+01,1.400000000000000133e+00,2.800043493700784936e+01,2.800043493645627990e+01,5.515694567748141708e-10
1.000000000000000000e+01,1.500000000000000000e+00,2.800285551899817094e+01,2.800285551742940982e+01,1.568761121006900794e-09
1.000000000000000000e+01,1.600000000000000089e+00,2.801453058567770782e+01,2.801453058343772895e+01,2.239978869056358235e-09
1.000000000000000000e+01,1.700000000000000178e+00,2.805785148645381710e+01,2.805785148692266873e+01,4.688516241913021076e-10
1.000000000000000000e+01,1.800000000000000044e+00,2.818248021405153736e+01,2.818248022388760177e+01,9.836064407409139676e-09
1.000000000000000000e+01,1.900000000000000133e+00,2.846357575722922562e+01,2.846357577991628318e+01,2.268705756591771205e-08
1.000000000000000000e+01,2.000000000000000000e+00,2.896865195261291603e+01,2.896865197871676756e+01,2.610385152479466342e-08
3.000000000000000000e+01,0.000000000000000000e+00,2.800000000175542070e+01,2.800000000175525727e+01,1.634248292248230428e-13
3.000000000000000000e+01,1.000000000000000056e-01,2.800000000399976230e+01,2.800000000399953493e+01,2.273736754432320595e-13
3.000000000000000000e+01,2.000000000000000111e-01,2.800000001843323716e+01,2.800000001843275399e+01,4.831690603168681264e-13
3.000000000000000000e+01,3.000000000000000444e-01,2.800000009267788315e+01,2.800000009267691325e+01,9.698908343125367537e-13
3.000000000000000000e+01,4.000000000000000222e-01,2.800000045348750533e+01,2.800000045348572542e+01,1.779909553079050966e-12
3.000000000000000000e+01,5.000000000000000000e-01,2.800000209371501114e+01,2.800000209371158633e+01,3.424815986363682896e-12
3.000000000000000000e+01,6.000000000000000888e-01,2.800000900625716582e+01,2.800000900624823785e+01,8.927969474825658835e-12
3.000000000000000000e+01,7.000000000000000666e-01,2.800003587193309329e+01,2.800003587190386156e+01,2.923172814917052165e-11
3.000000000000000000e+01,8.000000000000000444e-01,2.800013186560822120e+01,2.800013186551667133e+01,9.154987878901010845e-11
3.000000000000000000e+01,9.000000000000000222e-01,2.800044662477472102e+01,2.800044662453334610e+01,2.413749200513848336e-10
3.000000000000000000e+01,1.000000000000000000e+00,2.800139276740879879e+01,2.800139276688656054e+01,5.222382526426372351e-10
3.000000000000000000e+01,1.100000000000000089e+00,2.800399873052862887e+01,2.800399872960368697e+01,9.249419008483528160e-10
3.000000000000000000e+01,1.200000000000000178e+00,2.801057512777708070e+01,2.801057512644678837e+01,1.330292320744774770e-09
3.000000000000000000e+01,1.300000000000000044e+00,2.802578576771305663e+01,2.802578576622335760e+01,1.489699030798874446e-09
3.000000000000000000e+01,1.400000000000000133e+00,2.805805039232118148e+01,2.805805039126274991e+01,1.058431564615602838e-09
3.000000000000000000e+01,1.500000000000000000e+00,2.812087923192539662e+01,2.812087923226062358e+01,3.352269573042576667e-10
3.000000000000000000e+01,1.600000000000000089e+00,2.823335229012503333e+01,2.823335229307025429e+01,2.945220956007688073e-09
3.000000000000000000e+01,1.700000000000000178e+00,2.841878920410611542e+01,2.841878921070427566e+01,6.598160240400829935e-09
3.000000000000000000e+01,1.800000000000000044e+00,2.870104224020972694e+01,2.870104225055209923e+01,1.034237229191603546e-08
3.000000000000000000e+01,1.900000000000000133e+00,2.909887061972128564e+01,2.909887063225266601e+01,1.253138037782264291e-08
3.000000000000000000e+01,2.000000000000000000e+00,2.962009802118776136e+01,2.962009803285783960e+01,1.167007823710264347e-08
6.000000000000000000e+01,0.000000000000000000e+00,2.800006392466974958e+01,2.800006392464547389e+01,2.427569256724382285e-11
6.000000000000000000e+01,1.000000000000000056e-01,2.800008183114569604e+01,2.800008183111445703e+01,3.123901137769280467e-11
6.000000000000000000e+01,2.000000000000000111e-01,2.800014768619268324e+01,2.800014768613718275e+01,5.550049309022142552e-11
6.000000000000000000e+01,3.000000000000000444e-01,2.800030457210186086e+01,2.800030457199527234e+01,1.065885157913726289e-10
6.000000000000000000e+01,4.000000000000000222e-01,2.800064879306868804e+01,2.800064879287102926e+01,1.976587782337446697e-10
6.000000000000000000e+01,5.000000000000000000e-01,2.800137450329292577e+01,2.800137450295251185e+01,3.404139192753063980e-10
6.000000000000000000e+01,6.000000000000000888e-01,2.800285169122381390e+01,2.800285169068640556e+01,5.374083400511153741e-10
6.000000000000000000e+01,7.000000000000000666e-01,2.800575148753497601e+01,2.800575148676105286e+01,7.739231477899011225e-10
6.000000000000000000e+01,8.000000000000000444e-01,2.801123233530535117e+01,2.801123233429203196e+01,1.013319206322194077e-09
6.000000000000000000e+01,9.000000000000000222e-01,2.802119371590792340e+01,2.802119371470911346e+01,1.198809940206047031e-09
6.000000000000000000e+01,1.000000000000000000e+00,2.803858787244754325e+01,2.803858787118664964e+01,1.260893611743085785e-09
6.000000000000000000e+01,1.100000000000000089e+00,2.806775322076718382e+01,2.806775321964164505e+01,1.125538773294465500e-09
6.000000000000000000e+01,1.200000000000000178e+00,2.811469907623437336e+01,2.811469907551539649e+01,7.189768780335725751e-10
6.000000000000000000e+01,1.300000000000000044e+00,2.818723918656823457e+01,2.818723918659519256e+01,2.695799139473820105e-11
6.000000000000000000e+01,1.400000000000000133e+00,2.829485609464858697e+01,2.829485609580489225e+01,1.156305273752877838e-09
6.000000000000000000e+01,1.500000000000000000e+00,2.844819568557626965e+01,2.844819568822269673e+01,2.646427077479529544e-09
6.000000000000000000e+01,1.600000000000000089e+00,2.865815142560494877e+01,2.865815142995649722e+01,4.351548454906151164e-09
6.000000000000000000e+01,1.700000000000000178e+00,2.893459656914975042e+01,2.893459657511938232e+01,5.969631899915839313e-09
6.000000000000000000e+01,1.800000000000000044e+00,2.928493731139176148e+01,2.928493731847083481e+01,7.079073327531659743e-09
6.000000000000000000e+01,1.900000000000000133e+00,2.971275318783384378e+01,2.971275319509497592e+01,7.261132140001791413e-09
6.000000000000000000e+01,2.000000000000000000e+00,3.021682378391475865e+01,3.021682379018118070e+01,6.266422047929154360e-09
1.000000000000000000e+02,0.000000000000000000e+00,2.800513812194330043e+01,2.800513812114741796e+01,7.958824710385670187e-10
1.000000000000000000e+02,1.000000000000000056e-01,2.800566102107017841e+01,2.800566102024927062e+01,8.209077861920377472e-10
1.000000000000000000e+02,2.000000000000000111e-01,2.800734289040242686e+01,2.800734288951109363e+01,8.913332294469000772e-10
1.000000000000000000e+02,3.000000000000000444e-01,2.801053744249588817e+01,2.801053744150205205e+01,9.938361245076521300e-10
1.000000000000000000e+02,4.000000000000000222e-01,2.801588083758205983e+01,2.801588083647398264e+01,1.108077185563161038e-09
1.000000000000000000e+02,5.000000000000000000e-01,2.802435894579897990e+01,2.802435894458951893e+01,1.209460975815090933e-09
1.000000000000000000e+02,6.000000000000000888e-01,2.803739510322375850e+01,2.803739510195155304e+01,1.272205452096386580e-09
1.000000000000000000e+02,7.000000000000000666e-01,2.805694988267616452e+01,2.805694988140410118e+01,1.272063343549234560e-09
1.000000000000000000e+02,8.000000000000000444e-01,2.808561979379240015e+01,2.808561979260496599e+01,1.187434151006527827e-09
1.000000000000000000e+02,9.000000000000000222e-01,2.812671685786384401e+01,2.812671685686507317e+01,9.987708438075060258e-10
1.000000000000000000e+02,1.000000000000000000e+00,2.818430680940152300e+01,2.818430680871434646e+01,6.871765378946292913e-10
1.000000000000000000e+02,1.100000000000000089e+00,2.826318177034703893e+01,2.826318177011254207e+01,2.344968663692270638e-10
1.000000000000000000e+02,1.200000000000000178e+00,2.836874519957131113e+01,2.836874519994338328e+01,3.720721508670976618e-10
1.000000000000000000e+02,1.300000000000000044e+00,2.850679392024737524e+01,2.850679392137715595e+01,1.129780713426953298e-09
1.000000000000000000e+02,1.400000000000000133e+00,2.868319434705501081e+01,2.868319434906118204e+01,2.006171229140818468e-09
1.000000000000000000e+02,1.500000000000000000e+00,2.890346664233615215e+01,2.890346664526297360e+01,2.926821451865180279e-09
1.000000000000000000e+02,1.600000000000000089e+00,2.917230896558774589e+01,2.917230896936021622e+01,3.772470336116384715e-09
1.000000000000000000e+02,1.700000000000000178e+00,2.949311065072194893e+01,2.949311065511375318e+01,4.391804253600639640e-09
1.000000000000000000e+02,1.800000000000000044e+00,2.986751404872146765e+01,2.986751405335202136e+01,4.630553718243390904e-09
1.000000000000000000e+02,1.900000000000000133e+00,3.029508651789859286e+01,3.029508652226892806e+01,4.370335204839648213e-09
1.000000000000000000e+02,2.000000000000000000e+00,3.077315488241628927e+01,3.077315488598105730e+01,3.564768036312671029e-09
3.000000000000000000e+02,0.000000000000000000e+00,2.860612128569884405e+01,2.860612128424733314e+01,1.451510911465447862e-09
3.000000000000000000e+02,1.000000000000000056e-01,2.861399439576479153e+01,2.861399439433848357e+01,1.426307960628037108e-09
3.000000000000000000e+02,2.000000000000000111e-01,2.863770693236497422e+01,2.863770693101349352e+01,1.351480705125140958e-09
3.000000000000000000e+02,3.000000000000000444e-01,2.867753420681757603e+01,2.867753420558815947e+01,1.229416568548913347e-09
3.000000000000000000e+02,4.000000000000000222e-01,2.873392082169550932e+01,2.873392082063142894e+01,1.064080379364895634e-09
3.000000000000000000e+02,5.000000000000000000e-01,2.880745968389201295e+01,2.880745968303096305e+01,8.610498980488046072e-10
3.000000000000000000e+02,6.000000000000000888e-01,2.889886340597533376e+01,2.889886340534783926e+01,6.274945008044596761e-10
3.000000000000000000e+02,7.000000000000000666e-01,2.900892889460945412e+01,2.900892889423733934e+01,3.721147834312432678e-10
3.000000000000000000e+02,8.000000000000000444e-01,2.913849616798038866e+01,2.913849616787533137e+01,1.050572961958096130e-10
3.000000000000000000e+02,9.000000000000000222e-01,2.928840268655930146e+01,2.928840268672169600e+01,1.623945422579708975e-10
3.000000000000000000e+02,1.000000000000000000e+00,2.945943471185897877e+01,2.945943471227700883e+01,4.180300550160609419e-10
3.000000000000000000e+02,1.100000000000000089e+00,2.965227741087572610e+01,2.965227741152495256e+01,6.492264503776823403e-10
3.000000000000000000e+02,1.200000000000000178e+00,2.986746558183239486e+01,2.986746558267580554e+01,8.434106746335601201e-10
3.000000000000000000e+02,1.300000000000000044e+00,3.010533697108582984e+01,3.010533697207458204e+01,9.887521912332886131e-10
3.000000000000000000e+02,1.400000000000000133e+00,3.036599016453289224e+01,3.036599016560757036e+01,1.074678124268757529e-09
3.000000000000000000e+02,1.500000000000000000e+00,3.064924895617511069e+01,3.064924895726775489e+01,1.092644197342451662e-09
3.000000000000000000e+02,1.600000000000000089e+00,3.095463491412819934e+01,3.095463491516484211e+01,1.036642771623519366e-09
3.000000000000000000e+02,1.700000000000000178e+00,3.128134958013452760e+01,3.128134958103825980e+01,9.037322001859138254e-10
3.000000000000000000e+02,1.800000000000000044e+00,3.162826736071064460e+01,3.162826736140499406e+01,6.943494668121275026e-10
3.000000000000000000e+02,1.900000000000000133e+00,3.199393971294045258e+01,3.199393971335287290e+01,4.124203201172349509e-10
3.000000000000000000e+02,2.000000000000000000e+00,3.237661071960791759e+01,3.237661071967326620e+01,6.534861540785641409e-11
6.000000000000000000e+02,0.000000000000000000e+00,3.044246991374550149e+01,3.044246991413512760e+01,3.896261091540509369e-10
6.000000000000000000e+02,1.000000000000000056e-01,3.045152575623121649e+01,3.045152575662181604e+01,3.905995527020422742e-10
6.000000000000000000e+02,2.000000000000000111e-01,3.047867356343215661e+01,3.047867356382545978e+01,3.933031678116094554e-10
6.000000000000000000e+02,3.000000000000000444e-01,3.052385373783902267e+01,3.052385373823615566e+01,3.971329931573563954e-10
6.000000000000000000e+02,4.000000000000000222e-01,3.058696551596147728e+01,3.058696551636254313e+01,4.010658471997885499e-10
6.000000000000000000e+02,5.000000000000000000e-01,3.066786489124517345e+01,3.066786489164897489e+01,4.038014367324649356e-10
6.000000000000000000e+02,6.000000000000000888e-01,3.076636185188819894e+01,3.076636185229193643e+01,4.037374878862465266e-10
6.000000000000000000e+02,7.000000000000000666e-01,3.088221707234605518e+01,3.088221707274509242e+01,3.990372476891934639e-10
6.000000000000000000e+02,8.000000000000000444e-01,3.101513822735053694e+01,3.101513822773832629e+01,3.877893561821110779e-10
6.000000000000000000e+02,9.000000000000000222e-01,3.116477612060441871e+01,3.116477612097242655e+01,3.680078464185498888e-10
6.000000000000000000e+02,1.000000000000000000e+00,3.133072083600911029e+01,3.133072083634692717e+01,3.378168855761032319e-10
6.000000000000000000e+02,1.100000000000000089e+00,3.151249812669466621e+01,3.151249812699011343e+01,2.954472222427284578e-10
6.000000000000000000e+02,1.200000000000000178e+00,3.170956625592693001e+01,3.170956625616631896e+01,2.393889531049353536e-10
6.000000000000000000e+02,1.300000000000000044e+00,3.192131349418455599e+01,3.192131349435299725e+01,1.684412609392893501e-10
6.000000000000000000e+02,1.400000000000000133e+00,3.214705645868189521e+01,3.214705645876367868e+01,8.178346888598753139e-11
6.000000000000000000e+02,1.500000000000000000e+00,3.238603945604324963e+01,3.238603945602231704e+01,2.093258899549255148e-11
6.000000000000000000e+02,1.600000000000000089e+00,3.263743495669037031e+01,3.263743495655074156e+01,1.396287530042172875e-10
6.000000000000000000e+02,1.700000000000000178e+00,3.290034529202983293e+01,3.290034529175612477e+01,2.737081672421481926e-10
6.000000000000000000e+02,1.800000000000000044e+00,3.317380562417739043e+01,3.317380562375532094e+01,4.220694904688571114e-10
6.000000000000000000e+02,1.900000000000000133e+00,3.345678819434191809e+01,3.345678819375878277e+01,5.831353178109566215e-10
6.000000000000000000e+02,2.000000000000000000e+00,3.374820781181547602e+01,3.374820781106060252e+01,7.548734970441728365e-10
1.800000000000000000e+03,0.000000000000000000e+00,3.525594300075746901e+01,3.525594300092656397e+01,1.690949602561886422e-10
1.800000000000000000e+03,1.000000000000000056e-01,3.525939261044895545e+01,3.525939261061606800e+01,1.671125460234179627e-10
1.800000000000000000e+03,2.000000000000000111e-01,3.526972843264527313e+01,3.526972843280643133e+01,1.611581978977483232e-10
1.800000000000000000e+03,3.000000000000000444e-01,3.528691150113328945e+01,3.528691150128455689e+01,1.512674430159677286e-10
1.800000000000000000e+03,4.000000000000000222e-01,3.531087705339268012e+01,3.531087705353019146e+01,1.375113356516521890e-10
1.800000000000000000e+03,5.000000000000000000e-01,3.534153480152162530e+01,3.534153480164162886e+01,1.200035626425233204e-10
1.800000000000000000e+03,6.000000000000000888e-01,3.537876930988310420e+01,3.537876930998196201e+01,9.885781082630273886e-11
1.800000000000000000e+03,7.000000000000000666e-01,3.542244047782984495e+01,3.542244047790405403e+01,7.420908332278486341e-11
1.800000000000000000e+03,8.000000000000000444e-01,3.547238412540870911e+01,3.547238412545495123e+01,4.624212124326732010e-11
1.800000000000000000e+03,9.000000000000000222e-01,3.552841267949599313e+01,3.552841267951113480e+01,1.514166569904773496e-11
1.800000000000000000e+03,1.000000000000000000e+00,3.559031595737670983e+01,3.559031595735782361e+01,1.888622591650346294e-11
1.800000000000000000e+03,1.100000000000000089e+00,3.565786204435462281e+01,3.565786204429904416e+01,5.557865279115503654e-11
1.800000000000000000e+03,1.200000000000000178e+00,3.573079826156807570e+01,3.573079826147339588e+01,9.467981954003334977e-11
1.800000000000000000e+03,1.300000000000000044e+00,3.580885221979080058e+01,3.580885221965485954e+01,1.359410362056223676e-10
1.800000000000000000e+03,1.400000000000000133e+00,3.589173295461885971e+01,3.589173295443982425e+01,1.790354531294724438e-10
1.800000000000000000e+03,1.500000000000000000e+00,3.597913213808753596e+01,3.597913213786385001e+01,2.236859586446371395e-10
1.800000000000000000e+03,1.600000000000000089e+00,3.607072536142439390e+01,3.607072536115483530e+01,2.695585976653092075e-10
1.800000000000000000e+03,1.700000000000000178e+00,3.616617348333254967e+01,3.616617348301623025e+01,3.163194151056814007e-10
1.800000000000000000e+03,1.800000000000000044e+00,3.626512403790872696e+01,3.626512403754510672e+01,3.636202450252312701e-10
1.800000000000000000e+03,1.900000000000000133e+00,3.636721269603893347e+01,3.636721269562780634e+01,4.111271323381515685e-10
1.800000000000000000e+03,2.000000000000000000e+00,3.647206477387981494e+01,3.647206477342130171e+01,4.585132273859926499e-10
