time_s,surface_radius_m
0,0.02
60,0.019957666666666669
120,0.019915333333333333
180,0.019873000000000002
240,0.019830666666666667
300,0.019788333333333335
360,0.019746
420,0.019703666666666668
480,0.019661333333333333
540,0.019619000000000001
600,0.019576666666666666
660,0.019534333333333334
720,0.019491999999999999
780,0.019449666666666667
840,0.019407333333333332
900,0.019365
960,0.019322666666666669
1020,0.019280333333333333
1080,0.019238000000000002
1140,0.019195666666666666
1200,0.019153333333333335
1260,0.019111
1320,0.019068666666666668
1380,0.019026333333333333
1440,0.018984000000000001
1500,0.018941666666666666
1560,0.018899333333333334
1620,0.018856999999999999
1680,0.018814666666666667
1740,0.018772333333333335
1800,0.01873
1860,0.018703666666666667
1920,0.018677333333333334
1980,0.018651000000000001
2040,0.018624666666666668
2100,0.018598333333333335
2160,0.018572000000000002
2220,0.018545666666666669
2280,0.018519333333333332
2340,0.018492999999999999
2400,0.018466666666666666
2460,0.018440333333333333
2520,0.018414
2580,0.018387666666666667
2640,0.018361333333333334
2700,0.018335000000000001
2760,0.018308666666666668
2820,0.018282333333333334
2880,0.018256000000000001
2940,0.018229666666666668
3000,0.018203333333333335
3060,0.018177000000000002
3120,0.018150666666666669
3180,0.018124333333333333
3240,0.018098
3300,0.018071666666666666
3360,0.018045333333333333
3420,0.018019
3480,0.017992666666666667
3540,0.017966333333333334
3600,0.017940000000000001
3660,0.017909666666666667
3720,0.017879333333333334
3780,0.017849
3840,0.017818666666666667
3900,0.017788333333333333
3960,0.017757999999999999
4020,0.017727666666666666
4080,0.017697333333333336
4140,0.017667000000000002
4200,0.017636666666666669
4260,0.017606333333333335
4320,0.017576000000000001
4380,0.017545666666666668
4440,0.017515333333333334
4500,0.017485000000000001
4560,0.017454666666666667
4620,0.017424333333333333
4680,0.017394
4740,0.017363666666666666
4800,0.017333333333333333
4860,0.017302999999999999
4920,0.017272666666666665
4980,0.017242333333333332
5040,0.017212000000000002
5100,0.017181666666666668
5160,0.017151333333333334
5220,0.017121000000000001
5280,0.017090666666666667
5340,0.017060333333333334
5400,0.01703
5460,0.017003999999999998
5520,0.016978
5580,0.016952000000000002
5640,0.016926
5700,0.016899999999999998
5760,0.016874
5820,0.016848000000000002
5880,0.016822
5940,0.016795999999999998
6000,0.01677
6060,0.016744000000000002
6120,0.016718
6180,0.016691999999999999
6240,0.016666
6300,0.016640000000000002
6360,0.016614
6420,0.016587999999999999
6480,0.016562
6540,0.016536000000000002
6600,0.01651
6660,0.016483999999999999
6720,0.016458
6780,0.016432000000000002
6840,0.016406
6900,0.016379999999999999
6960,0.016354
7020,0.016328000000000002
7080,0.016302000000000001
7140,0.016275999999999999
7200,0.016250000000000001
7260,0.016237999999999999
7320,0.016226000000000001
7380,0.016213999999999999
7440,0.016202000000000001
7500,0.01619
7560,0.016178000000000001
7620,0.016166
7680,0.016154000000000002
7740,0.016142
7800,0.016130000000000002
7860,0.016118
7920,0.016106000000000002
7980,0.016094000000000001
8040,0.016082000000000003
8100,0.016070000000000001
8160,0.016057999999999999
8220,0.016046000000000001
8280,0.016034
8340,0.016022000000000002
8400,0.01601
8460,0.015998000000000002
8520,0.015986
8580,0.015974000000000002
8640,0.015962
8700,0.015950000000000002
8760,0.015938000000000001
8820,0.015926000000000003
8880,0.015914000000000001
8940,0.015902000000000003
9000,0.015890000000000001
9060,0.015877666666666668
9120,0.015865333333333335
9180,0.015853000000000003
9240,0.01584066666666667
9300,0.015828333333333333
9360,0.015816
9420,0.015803666666666667
9480,0.015791333333333334
9540,0.015779000000000001
9600,0.015766666666666668
9660,0.015754333333333335
9720,0.015742000000000003
9780,0.015729666666666666
9840,0.015717333333333333
9900,0.015705
9960,0.015692666666666667
10020,0.015680333333333334
10080,0.015668000000000001
10140,0.015655666666666668
10200,0.015643333333333335
10260,0.015631000000000003
10320,0.015618666666666668
10380,0.015606333333333335
10440,0.015594
10500,0.015581666666666667
10560,0.015569333333333334
10620,0.015557000000000001
10680,0.015544666666666667
10740,0.015532333333333334
10800,0.015520000000000001
10860,0.015506000000000001
10920,0.015492000000000001
10980,0.015478
11040,0.015464
11100,0.01545
11160,0.015436
11220,0.015422
11280,0.015408000000000002
11340,0.015394000000000001
11400,0.015380000000000001
11460,0.015366000000000001
11520,0.015352000000000001
11580,0.015338000000000001
11640,0.015324000000000001
11700,0.015310000000000001
11760,0.015296000000000001
11820,0.015282
11880,0.015268
11940,0.015254
12000,0.01524
12060,0.015226
12120,0.015212
12180,0.015198000000000001
12240,0.015184000000000001
12300,0.015170000000000001
12360,0.015156000000000001
12420,0.015142000000000001
12480,0.015128000000000001
12540,0.015114000000000001
12600,0.015100000000000001
12660,0.015089
12720,0.015078000000000001
12780,0.015067000000000001
12840,0.015056
12900,0.015045000000000001
12960,0.015034
13020,0.015023000000000002
13080,0.015012000000000001
13140,0.015001
13200,0.014990000000000002
13260,0.014979000000000001
13320,0.014968
13380,0.014957000000000002
13440,0.014946000000000001
13500,0.014935
13560,0.014924000000000002
13620,0.014913000000000001
13680,0.014902000000000002
13740,0.014891000000000001
13800,0.014880000000000001
13860,0.014869000000000002
13920,0.014858000000000001
13980,0.014847000000000001
14040,0.014836000000000002
14100,0.014825000000000001
14160,0.014814000000000003
14220,0.014803000000000002
14280,0.014792000000000001
14340,0.014781000000000002
14400,0.014770000000000002
14460,0.014760000000000002
14520,0.014750000000000001
14580,0.014740000000000001
14640,0.014730000000000002
14700,0.014720000000000002
14760,0.014710000000000001
14820,0.014700000000000001
14880,0.014690000000000002
14940,0.014680000000000002
15000,0.014670000000000001
15060,0.014660000000000001
15120,0.014650000000000002
15180,0.014640000000000002
15240,0.014630000000000001
15300,0.014620000000000001
15360,0.014610000000000001
15420,0.0146
15480,0.014590000000000001
15540,0.014580000000000001
15600,0.014570000000000001
15660,0.01456
15720,0.01455
15780,0.014540000000000001
15840,0.014530000000000001
15900,0.01452
15960,0.01451
16020,0.014500000000000001
16080,0.014490000000000001
16140,0.01448
16200,0.01447
16260,0.014462333333333334
16320,0.014454666666666666
16380,0.014447
16440,0.014439333333333334
16500,0.014431666666666667
16560,0.014423999999999999
16620,0.014416333333333333
16680,0.014408666666666667
16740,0.014401000000000001
16800,0.014393333333333333
16860,0.014385666666666666
16920,0.014378
16980,0.014370333333333334
17040,0.014362666666666666
17100,0.014355
17160,0.014347333333333333
17220,0.014339666666666665
17280,0.014331999999999999
17340,0.014324333333333333
17400,0.014316666666666667
17460,0.014308999999999999
17520,0.014301333333333333
17580,0.014293666666666666
17640,0.014286
17700,0.014278333333333332
17760,0.014270666666666666
17820,0.014263
17880,0.014255333333333333
17940,0.014247666666666665
18000,0.014239999999999999
18060,0.014230999999999999
18120,0.014221999999999999
18180,0.014213
18240,0.014204
18300,0.014194999999999999
18360,0.014185999999999999
18420,0.014176999999999999
18480,0.014168
18540,0.014159
18600,0.014149999999999999
18660,0.014140999999999999
18720,0.014131999999999999
18780,0.014123
18840,0.014114
18900,0.014104999999999999
18960,0.014095999999999999
19020,0.014086999999999999
19080,0.014078
19140,0.014069
19200,0.01406
19260,0.014050999999999999
19320,0.014041999999999999
19380,0.014033
19440,0.014024
19500,0.014015
19560,0.014005999999999999
19620,0.013996999999999999
19680,0.013988
19740,0.013979
19800,0.01397
19860,0.013962333333333334
19920,0.013954666666666667
19980,0.013946999999999999
20040,0.013939333333333333
20100,0.013931666666666667
20160,0.013924000000000001
20220,0.013916333333333334
20280,0.013908666666666666
20340,0.013901
20400,0.013893333333333334
20460,0.013885666666666668
20520,0.013878000000000001
20580,0.013870333333333333
20640,0.013862666666666667
20700,0.013855000000000001
20760,0.013847333333333335
20820,0.013839666666666669
20880,0.013832000000000001
20940,0.013824333333333334
21000,0.013816666666666668
21060,0.013809000000000002
21120,0.013801333333333336
21180,0.013793666666666668
21240,0.013786000000000001
21300,0.013778333333333335
21360,0.013770666666666669
21420,0.013763000000000003
21480,0.013755333333333335
21540,0.013747666666666668
21600,0.013740000000000002
21660,0.013734000000000001
21720,0.013728000000000002
21780,0.013722000000000002
21840,0.013716000000000002
21900,0.013710000000000002
21960,0.013704000000000003
22020,0.013698000000000002
22080,0.013692000000000001
22140,0.013686000000000002
22200,0.013680000000000001
22260,0.013674000000000002
22320,0.013668000000000001
22380,0.013662000000000002
22440,0.013656000000000001
22500,0.013650000000000002
22560,0.013644000000000002
22620,0.013638000000000001
22680,0.013632000000000002
22740,0.013626000000000001
22800,0.013620000000000002
22860,0.013614000000000001
22920,0.013608000000000002
22980,0.013602000000000001
23040,0.013596
23100,0.013590000000000001
23160,0.013584000000000001
23220,0.013578000000000002
23280,0.013572000000000001
23340,0.013566000000000002
23400,0.013560000000000001
23460,0.013553666666666667
23520,0.013547333333333335
23580,0.013541000000000001
23640,0.013534666666666667
23700,0.013528333333333333
23760,0.013522000000000001
23820,0.013515666666666667
23880,0.013509333333333333
23940,0.013503000000000001
24000,0.013496666666666667
24060,0.013490333333333333
24120,0.013484000000000001
24180,0.013477666666666667
24240,0.013471333333333333
24300,0.013465000000000001
24360,0.013458666666666667
24420,0.013452333333333334
24480,0.013446
24540,0.013439666666666667
24600,0.013433333333333334
24660,0.013427
24720,0.013420666666666668
24780,0.013414333333333334
24840,0.013408
24900,0.013401666666666666
24960,0.013395333333333334
25020,0.013389
25080,0.013382666666666666
25140,0.013376333333333334
25200,0.01337
25260,0.013364666666666667
25320,0.013359333333333332
25380,0.013354
25440,0.013348666666666667
25500,0.013343333333333334
25560,0.013337999999999999
25620,0.013332666666666666
25680,0.013327333333333333
25740,0.013322000000000001
25800,0.013316666666666666
25860,0.013311333333333333
25920,0.013306
25980,0.013300666666666667
26040,0.013295333333333333
26100,0.01329
26160,0.013284666666666667
26220,0.013279333333333332
26280,0.013273999999999999
26340,0.013268666666666666
26400,0.013263333333333334
26460,0.013257999999999999
26520,0.013252666666666666
26580,0.013247333333333333
26640,0.013242
26700,0.013236666666666666
26760,0.013231333333333333
26820,0.013226
26880,0.013220666666666667
26940,0.013215333333333332
27000,0.01321
27060,0.013206666666666667
27120,0.013203333333333333
27180,0.0132
27240,0.013196666666666666
27300,0.013193333333333333
27360,0.01319
27420,0.013186666666666666
27480,0.013183333333333333
27540,0.013179999999999999
27600,0.013176666666666666
27660,0.013173333333333334
27720,0.013169999999999999
27780,0.013166666666666667
27840,0.013163333333333332
27900,0.01316
27960,0.013156666666666667
28020,0.013153333333333333
28080,0.01315
28140,0.013146666666666666
28200,0.013143333333333333
28260,0.013140000000000001
28320,0.013136666666666666
28380,0.013133333333333334
28440,0.013129999999999999
28500,0.013126666666666667
28560,0.013123333333333334
28620,0.01312
28680,0.013116666666666667
28740,0.013113333333333333
28800,0.01311
28860,0.013106
28920,0.013102000000000001
28980,0.013098
29040,0.013094
29100,0.013090000000000001
29160,0.013086
29220,0.013082
29280,0.013077999999999999
29340,0.013074000000000001
29400,0.01307
29460,0.013065999999999999
29520,0.013062000000000001
29580,0.013058
29640,0.013054
29700,0.013049999999999999
29760,0.013046
29820,0.013042
29880,0.013037999999999999
29940,0.013034
30000,0.01303
30060,0.013025999999999999
30120,0.013022000000000001
30180,0.013018
30240,0.013014
30300,0.013010000000000001
30360,0.013006
30420,0.013002
30480,0.012997999999999999
30540,0.012994
30600,0.01299
30660,0.012987333333333333
30720,0.012984666666666667
30780,0.012982
30840,0.012979333333333332
30900,0.012976666666666666
30960,0.012973999999999999
31020,0.012971333333333333
31080,0.012968666666666667
31140,0.012966
31200,0.012963333333333334
31260,0.012960666666666667
31320,0.012957999999999999
31380,0.012955333333333333
31440,0.012952666666666666
31500,0.01295
31560,0.012947333333333333
31620,0.012944666666666667
31680,0.012942
31740,0.012939333333333332
31800,0.012936666666666666
31860,0.012933999999999999
31920,0.012931333333333333
31980,0.012928666666666666
32040,0.012926
32100,0.012923333333333334
32160,0.012920666666666667
32220,0.012917999999999999
32280,0.012915333333333332
32340,0.012912666666666666
32400,0.01291
32460,0.012906666666666667
32520,0.012903333333333333
32580,0.0129
32640,0.012896666666666666
32700,0.012893333333333333
32760,0.01289
32820,0.012886666666666666
32880,0.012883333333333333
32940,0.012879999999999999
33000,0.012876666666666666
33060,0.012873333333333334
33120,0.012869999999999999
33180,0.012866666666666667
33240,0.012863333333333333
33300,0.01286
33360,0.012856666666666667
33420,0.012853333333333333
33480,0.01285
33540,0.012846666666666666
33600,0.012843333333333333
33660,0.012840000000000001
33720,0.012836666666666666
33780,0.012833333333333334
33840,0.012829999999999999
33900,0.012826666666666667
33960,0.012823333333333334
34020,0.01282
34080,0.012816666666666667
34140,0.012813333333333333
34200,0.01281
34260,0.012807333333333334
34320,0.012804666666666667
34380,0.012802000000000001
34440,0.012799333333333333
34500,0.012796666666666666
34560,0.012794
34620,0.012791333333333333
34680,0.012788666666666667
34740,0.012786
34800,0.012783333333333334
34860,0.012780666666666668
34920,0.012777999999999999
34980,0.012775333333333333
35040,0.012772666666666667
35100,0.01277
35160,0.012767333333333334
35220,0.012764666666666667
35280,0.012762000000000001
35340,0.012759333333333333
35400,0.012756666666666666
35460,0.012754
35520,0.012751333333333333
35580,0.012748666666666667
35640,0.012746
35700,0.012743333333333334
35760,0.012740666666666668
35820,0.012737999999999999
35880,0.012735333333333333
35940,0.012732666666666666
36000,0.01273
36060,0.012727666666666667
36120,0.012725333333333333
36180,0.012723
36240,0.012720666666666667
36300,0.012718333333333333
36360,0.012716
36420,0.012713666666666667
36480,0.012711333333333333
36540,0.012709
36600,0.012706666666666666
36660,0.012704333333333333
36720,0.012702
36780,0.012699666666666666
36840,0.012697333333333333
36900,0.012695000000000001
36960,0.012692666666666668
37020,0.012690333333333335
37080,0.012688000000000001
37140,0.012685666666666668
37200,0.012683333333333335
37260,0.012681000000000001
37320,0.012678666666666668
37380,0.012676333333333335
37440,0.012674000000000001
37500,0.012671666666666668
37560,0.012669333333333335
37620,0.012667000000000001
37680,0.012664666666666668
37740,0.012662333333333334
37800,0.012660000000000001
37860,0.012658000000000001
37920,0.012656000000000001
37980,0.012654
38040,0.012652000000000002
38100,0.012650000000000002
38160,0.012648000000000001
38220,0.012646000000000001
38280,0.012644000000000001
38340,0.012642
38400,0.01264
38460,0.012638
38520,0.012636000000000001
38580,0.012634000000000001
38640,0.012632000000000001
38700,0.012630000000000001
38760,0.012628
38820,0.012626
38880,0.012624
38940,0.012622000000000001
39000,0.012620000000000001
39060,0.012618000000000001
39120,0.012616
39180,0.012614
39240,0.012612
39300,0.01261
39360,0.012607999999999999
39420,0.012606000000000001
39480,0.012604000000000001
39540,0.012602
39600,0.0126
39660,0.012597666666666667
39720,0.012595333333333333
39780,0.012593
39840,0.012590666666666667
39900,0.012588333333333333
39960,0.012586
40020,0.012583666666666667
40080,0.012581333333333333
40140,0.012579
40200,0.012576666666666667
40260,0.012574333333333333
40320,0.012572
40380,0.012569666666666666
40440,0.012567333333333333
40500,0.012565
40560,0.012562666666666666
40620,0.012560333333333333
40680,0.012558
40740,0.012555666666666666
40800,0.012553333333333333
40860,0.012551
40920,0.012548666666666666
40980,0.012546333333333333
41040,0.012544
41100,0.012541666666666666
41160,0.012539333333333333
41220,0.012537
41280,0.012534666666666666
41340,0.012532333333333333
41400,0.012529999999999999
41460,0.012528333333333332
41520,0.012526666666666667
41580,0.012525
41640,0.012523333333333332
41700,0.012521666666666667
41760,0.01252
41820,0.012518333333333333
41880,0.012516666666666666
41940,0.012515
42000,0.012513333333333333
42060,0.012511666666666666
42120,0.01251
42180,0.012508333333333333
42240,0.012506666666666666
42300,0.012504999999999999
42360,0.012503333333333333
42420,0.012501666666666666
42480,0.012499999999999999
42540,0.012498333333333334
42600,0.012496666666666666
42660,0.012494999999999999
42720,0.012493333333333334
42780,0.012491666666666667
42840,0.012489999999999999
42900,0.012488333333333334
42960,0.012486666666666667
43020,0.012485
43080,0.012483333333333332
43140,0.012481666666666667
43200,0.01248
43260,0.012478666666666666
43320,0.012477333333333333
43380,0.012475999999999999
43440,0.012474666666666667
43500,0.012473333333333333
43560,0.012472
43620,0.012470666666666666
43680,0.012469333333333332
43740,0.012468
43800,0.012466666666666666
43860,0.012465333333333333
43920,0.012463999999999999
43980,0.012462666666666667
44040,0.012461333333333333
44100,0.012459999999999999
44160,0.012458666666666667
44220,0.012457333333333332
44280,0.012456
44340,0.012454666666666666
44400,0.012453333333333334
44460,0.012452
44520,0.012450666666666667
44580,0.012449333333333333
44640,0.012447999999999999
44700,0.012446666666666667
44760,0.012445333333333333
44820,0.012444
44880,0.012442666666666666
44940,0.012441333333333334
45000,0.01244
45060,0.012438666666666666
45120,0.012437333333333333
45180,0.012435999999999999
45240,0.012434666666666667
45300,0.012433333333333333
45360,0.012432
45420,0.012430666666666666
45480,0.012429333333333332
45540,0.012428
45600,0.012426666666666666
45660,0.012425333333333333
45720,0.012423999999999999
45780,0.012422666666666667
45840,0.012421333333333333
45900,0.01242
45960,0.012418666666666666
46020,0.012417333333333332
46080,0.012416
46140,0.012414666666666666
46200,0.012413333333333334
46260,0.012411999999999999
46320,0.012410666666666667
46380,0.012409333333333333
46440,0.012407999999999999
46500,0.012406666666666667
46560,0.012405333333333332
46620,0.012404
46680,0.012402666666666666
46740,0.012401333333333334
46800,0.0124
46860,0.012398666666666665
46920,0.012397333333333333
46980,0.012395999999999999
47040,0.012394666666666667
47100,0.012393333333333333
47160,0.012392
47220,0.012390666666666666
47280,0.012389333333333332
47340,0.012388
47400,0.012386666666666666
47460,0.012385333333333333
47520,0.012383999999999999
47580,0.012382666666666667
47640,0.012381333333333333
47700,0.012379999999999999
47760,0.012378666666666666
47820,0.012377333333333332
47880,0.012376
47940,0.012374666666666666
48000,0.012373333333333333
48060,0.012371999999999999
48120,0.012370666666666667
48180,0.012369333333333333
48240,0.012367999999999999
48300,0.012366666666666666
48360,0.012365333333333332
48420,0.012364
48480,0.012362666666666666
48540,0.012361333333333334
48600,0.012359999999999999
48660,0.012359
48720,0.012357999999999999
48780,0.012357
48840,0.012355999999999999
48900,0.012355
48960,0.012354
49020,0.012352999999999999
49080,0.012352
49140,0.012350999999999999
49200,0.01235
49260,0.012349000000000001
49320,0.012348
49380,0.012347
49440,0.012345999999999999
49500,0.012345
49560,0.012344000000000001
49620,0.012343
49680,0.012342000000000001
49740,0.012341
49800,0.01234
49860,0.012339000000000001
49920,0.012338
49980,0.012337000000000001
50040,0.012336
50100,0.012335
50160,0.012334000000000001
50220,0.012333
50280,0.012332000000000001
50340,0.012331
50400,0.012330000000000001
50460,0.012328666666666667
50520,0.012327333333333334
50580,0.012326
50640,0.012324666666666668
50700,0.012323333333333334
50760,0.012322000000000001
50820,0.012320666666666667
50880,0.012319333333333333
50940,0.012318000000000001
51000,0.012316666666666667
51060,0.012315333333333334
51120,0.012314
51180,0.012312666666666668
51240,0.012311333333333334
51300,0.012310000000000001
51360,0.012308666666666667
51420,0.012307333333333333
51480,0.012306000000000001
51540,0.012304666666666667
51600,0.012303333333333335
51660,0.012302
51720,0.012300666666666668
51780,0.012299333333333334
51840,0.012298
51900,0.012296666666666668
51960,0.012295333333333333
52020,0.012294000000000001
52080,0.012292666666666667
52140,0.012291333333333335
52200,0.012290000000000001
52260,0.012289000000000001
52320,0.012288
52380,0.012287000000000001
52440,0.012286
52500,0.012285000000000001
52560,0.012284
52620,0.012283000000000001
52680,0.012282000000000001
52740,0.012281
52800,0.012280000000000001
52860,0.012279
52920,0.012278000000000001
52980,0.012277
53040,0.012276
53100,0.012275000000000001
53160,0.012274
53220,0.012273000000000001
53280,0.012272
53340,0.012271000000000001
53400,0.01227
53460,0.012269
53520,0.012267999999999999
53580,0.012267
53640,0.012266000000000001
53700,0.012265
53760,0.012264000000000001
53820,0.012263
53880,0.012262
53940,0.012260999999999999
54000,0.01226
54060,0.012259000000000001
54120,0.012258
54180,0.012257000000000001
54240,0.012256
54300,0.012255
54360,0.012254000000000001
54420,0.012253
54480,0.012252000000000001
54540,0.012251
54600,0.01225
54660,0.012249000000000001
54720,0.012248
54780,0.012247000000000001
54840,0.012246
54900,0.012245000000000001
54960,0.012244000000000001
55020,0.012243
55080,0.012242000000000001
55140,0.012241
55200,0.012240000000000001
55260,0.012239000000000002
55320,0.012238000000000001
55380,0.012237000000000001
55440,0.012236
55500,0.012235000000000001
55560,0.012234000000000002
55620,0.012233000000000001
55680,0.012232000000000002
55740,0.012231000000000001
55800,0.012230000000000001
55860,0.012229333333333335
55920,0.012228666666666667
55980,0.012228000000000001
56040,0.012227333333333335
56100,0.012226666666666667
56160,0.012226000000000001
56220,0.012225333333333335
56280,0.012224666666666668
56340,0.012224
56400,0.012223333333333334
56460,0.012222666666666668
56520,0.012222
56580,0.012221333333333334
56640,0.012220666666666668
56700,0.012220000000000002
56760,0.012219333333333334
56820,0.012218666666666668
56880,0.012218000000000001
56940,0.012217333333333334
57000,0.012216666666666667
57060,0.012216000000000001
57120,0.012215333333333333
57180,0.012214666666666667
57240,0.012214000000000001
57300,0.012213333333333333
57360,0.012212666666666667
57420,0.012212000000000001
57480,0.012211333333333334
57540,0.012210666666666667
57600,0.01221
57660,0.012209333333333334
57720,0.012208666666666666
57780,0.012208
57840,0.012207333333333334
57900,0.012206666666666668
57960,0.012206
58020,0.012205333333333334
58080,0.012204666666666667
58140,0.012204000000000001
58200,0.012203333333333333
58260,0.012202666666666667
58320,0.012202000000000001
58380,0.012201333333333335
58440,0.012200666666666667
58500,0.012200000000000001
58560,0.012199333333333335
58620,0.012198666666666667
58680,0.012198000000000001
58740,0.012197333333333334
58800,0.012196666666666668
58860,0.012196
58920,0.012195333333333334
58980,0.012194666666666668
59040,0.012194000000000002
59100,0.012193333333333334
59160,0.012192666666666668
59220,0.012192000000000001
59280,0.012191333333333335
59340,0.012190666666666667
59400,0.012190000000000001
59460,0.012189666666666668
59520,0.012189333333333335
59580,0.012189000000000002
59640,0.012188666666666667
59700,0.012188333333333334
59760,0.012188000000000001
59820,0.012187666666666668
59880,0.012187333333333335
59940,0.012187
60000,0.012186666666666667
60060,0.012186333333333334
60120,0.012186000000000001
60180,0.012185666666666668
60240,0.012185333333333334
60300,0.012185000000000001
60360,0.012184666666666667
60420,0.012184333333333333
60480,0.012184
60540,0.012183666666666667
60600,0.012183333333333334
60660,0.012182999999999999
60720,0.012182666666666666
60780,0.012182333333333333
60840,0.012182
60900,0.012181666666666667
60960,0.012181333333333334
61020,0.012181000000000001
61080,0.012180666666666666
61140,0.012180333333333333
61200,0.01218
61260,0.012179333333333334
61320,0.012178666666666666
61380,0.012178
61440,0.012177333333333333
61500,0.012176666666666667
61560,0.012175999999999999
61620,0.012175333333333333
61680,0.012174666666666667
61740,0.012174000000000001
61800,0.012173333333333333
61860,0.012172666666666667
61920,0.012172000000000001
61980,0.012171333333333334
62040,0.012170666666666666
62100,0.01217
62160,0.012169333333333334
62220,0.012168666666666666
62280,0.012168
62340,0.012167333333333334
62400,0.012166666666666668
62460,0.012166
62520,0.012165333333333334
62580,0.012164666666666667
62640,0.012164000000000001
62700,0.012163333333333333
62760,0.012162666666666667
62820,0.012162000000000001
62880,0.012161333333333335
62940,0.012160666666666667
63000,0.012160000000000001
63060,0.012159333333333334
63120,0.012158666666666667
63180,0.012158
63240,0.012157333333333334
63300,0.012156666666666666
63360,0.012156
63420,0.012155333333333334
63480,0.012154666666666668
63540,0.012154
63600,0.012153333333333334
63660,0.012152666666666668
63720,0.012152
63780,0.012151333333333333
63840,0.012150666666666667
63900,0.012150000000000001
63960,0.012149333333333333
64020,0.012148666666666667
64080,0.012148000000000001
64140,0.012147333333333333
64200,0.012146666666666667
64260,0.012146000000000001
64320,0.012145333333333333
64380,0.012144666666666666
64440,0.012144
64500,0.012143333333333332
64560,0.012142666666666666
64620,0.012142
64680,0.012141333333333334
64740,0.012140666666666666
64800,0.01214
64860,0.012139666666666667
64920,0.012139333333333334
64980,0.012139
65040,0.012138666666666667
65100,0.012138333333333334
65160,0.012137999999999999
65220,0.012137666666666666
65280,0.012137333333333333
65340,0.012137
65400,0.012136666666666667
65460,0.012136333333333334
65520,0.012136000000000001
65580,0.012135666666666668
65640,0.012135333333333335
65700,0.012135
65760,0.012134666666666667
65820,0.012134333333333334
65880,0.012134000000000001
65940,0.012133666666666668
66000,0.012133333333333335
66060,0.012133000000000001
66120,0.012132666666666668
66180,0.012132333333333335
66240,0.012132000000000002
66300,0.012131666666666669
66360,0.012131333333333334
66420,0.012131000000000001
66480,0.012130666666666668
66540,0.012130333333333335
66600,0.012130000000000002
66660,0.012129666666666669
66720,0.012129333333333336
66780,0.012129000000000001
66840,0.012128666666666668
66900,0.012128333333333335
66960,0.012128000000000002
67020,0.012127666666666669
67080,0.012127333333333335
67140,0.012127000000000002
67200,0.012126666666666668
67260,0.012126333333333334
67320,0.012126000000000001
67380,0.012125666666666668
67440,0.012125333333333335
67500,0.012125
67560,0.012124666666666667
67620,0.012124333333333334
67680,0.012124000000000001
67740,0.012123666666666668
67800,0.012123333333333335
67860,0.012123000000000002
67920,0.012122666666666667
67980,0.012122333333333334
68040,0.012122000000000001
68100,0.012121666666666668
68160,0.012121333333333335
68220,0.012121
68280,0.012120666666666667
68340,0.012120333333333334
68400,0.012120000000000001
68460,0.012119666666666667
68520,0.012119333333333334
68580,0.012119000000000001
68640,0.012118666666666666
68700,0.012118333333333333
68760,0.012118
68820,0.012117666666666667
68880,0.012117333333333334
68940,0.012117000000000001
69000,0.012116666666666668
69060,0.012116333333333335
69120,0.012116
69180,0.012115666666666667
69240,0.012115333333333334
69300,0.012115000000000001
69360,0.012114666666666668
69420,0.012114333333333335
69480,0.012114000000000002
69540,0.012113666666666667
69600,0.012113333333333334
69660,0.012113000000000001
69720,0.012112666666666667
69780,0.012112333333333334
69840,0.012112000000000001
69900,0.012111666666666668
69960,0.012111333333333335
70020,0.012111
70080,0.012110666666666667
70140,0.012110333333333334
70200,0.012110000000000001
70260,0.012109666666666668
70320,0.012109333333333335
70380,0.012109000000000002
70440,0.012108666666666667
70500,0.012108333333333334
70560,0.012108000000000001
70620,0.012107666666666668
70680,0.012107333333333335
70740,0.012107
70800,0.012106666666666667
70860,0.012106333333333334
70920,0.012106
70980,0.012105666666666667
71040,0.012105333333333334
71100,0.012105000000000001
71160,0.012104666666666666
71220,0.012104333333333333
71280,0.012104
71340,0.012103666666666667
71400,0.012103333333333334
71460,0.012102999999999999
71520,0.012102666666666666
71580,0.012102333333333333
71640,0.012102
71700,0.012101666666666667
71760,0.012101333333333334
71820,0.012101000000000001
71880,0.012100666666666666
71940,0.012100333333333333
72000,0.0121
72060,0.012099666666666667
72120,0.012099333333333333
72180,0.012099
72240,0.012098666666666667
72300,0.012098333333333332
72360,0.012097999999999999
72420,0.012097666666666666
72480,0.012097333333333333
72540,0.012097
72600,0.012096666666666667
72660,0.012096333333333334
72720,0.012096000000000001
72780,0.012095666666666668
72840,0.012095333333333335
72900,0.012095000000000002
72960,0.012094666666666667
73020,0.012094333333333334
73080,0.012094000000000001
73140,0.012093666666666667
73200,0.012093333333333334
73260,0.012093000000000001
73320,0.012092666666666668
73380,0.012092333333333335
73440,0.012092000000000002
73500,0.012091666666666667
73560,0.012091333333333334
73620,0.012091000000000001
73680,0.012090666666666668
73740,0.012090333333333335
73800,0.012090000000000002
73860,0.012089666666666669
73920,0.012089333333333336
73980,0.012089000000000003
74040,0.012088666666666668
74100,0.012088333333333335
74160,0.012088000000000002
74220,0.012087666666666668
74280,0.012087333333333335
74340,0.012087000000000001
74400,0.012086666666666667
74460,0.012086333333333334
74520,0.012086000000000001
74580,0.012085666666666668
74640,0.012085333333333335
74700,0.012085000000000002
74760,0.012084666666666667
74820,0.012084333333333334
74880,0.012084000000000001
74940,0.012083666666666668
75000,0.012083333333333335
75060,0.012083
75120,0.012082666666666667
75180,0.012082333333333334
75240,0.012082000000000001
75300,0.012081666666666668
75360,0.012081333333333335
75420,0.012081000000000001
75480,0.012080666666666667
75540,0.012080333333333334
75600,0.01208
75660,0.012079666666666667
75720,0.012079333333333334
75780,0.012079000000000001
75840,0.012078666666666666
75900,0.012078333333333333
75960,0.012078
76020,0.012077666666666667
76080,0.012077333333333334
76140,0.012077000000000001
76200,0.012076666666666668
76260,0.012076333333333335
76320,0.012076
76380,0.012075666666666667
76440,0.012075333333333334
76500,0.012075000000000001
76560,0.012074666666666668
76620,0.012074333333333334
76680,0.012074000000000001
76740,0.012073666666666667
76800,0.012073333333333333
76860,0.012073
76920,0.012072666666666667
76980,0.012072333333333334
77040,0.012072000000000001
77100,0.012071666666666668
77160,0.012071333333333335
77220,0.012071
77280,0.012070666666666667
77340,0.012070333333333334
77400,0.012070000000000001
77460,0.012069666666666668
77520,0.012069333333333335
77580,0.012069
77640,0.012068666666666667
77700,0.012068333333333334
77760,0.012068000000000001
77820,0.012067666666666668
77880,0.012067333333333334
77940,0.012067000000000001
78000,0.012066666666666667
78060,0.012066333333333333
78120,0.012066
78180,0.012065666666666667
78240,0.012065333333333334
78300,0.012064999999999999
78360,0.012064666666666666
78420,0.012064333333333333
78480,0.012064
78540,0.012063666666666667
78600,0.012063333333333334
78660,0.012063000000000001
78720,0.012062666666666666
78780,0.012062333333333333
78840,0.012062
78900,0.012061666666666667
78960,0.012061333333333334
79020,0.012060999999999999
79080,0.012060666666666666
79140,0.012060333333333333
79200,0.01206
79260,0.01206
79320,0.01206
79380,0.01206
79440,0.01206
79500,0.01206
79560,0.01206
79620,0.01206
79680,0.01206
79740,0.01206
79800,0.01206
79860,0.01206
79920,0.01206
79980,0.01206
80040,0.01206
80100,0.01206
80160,0.01206
80220,0.01206
80280,0.01206
80340,0.01206
80400,0.01206
80460,0.01206
80520,0.01206
80580,0.01206
80640,0.01206
80700,0.01206
80760,0.01206
80820,0.01206
80880,0.01206
80940,0.01206
81000,0.01206
81060,0.012059666666666666
81120,0.012059333333333333
81180,0.012059
81240,0.012058666666666667
81300,0.012058333333333334
81360,0.012057999999999999
81420,0.012057666666666666
81480,0.012057333333333333
81540,0.012057
81600,0.012056666666666667
81660,0.012056333333333334
81720,0.012056000000000001
81780,0.012055666666666668
81840,0.012055333333333335
81900,0.012055
81960,0.012054666666666667
82020,0.012054333333333334
82080,0.012054
82140,0.012053666666666667
82200,0.012053333333333334
82260,0.012053000000000001
82320,0.012052666666666668
82380,0.012052333333333335
82440,0.012052000000000002
82500,0.012051666666666669
82560,0.012051333333333334
82620,0.012051000000000001
82680,0.012050666666666668
82740,0.012050333333333335
82800,0.012050000000000002
82860,0.012050000000000002
82920,0.012050000000000002
82980,0.012050000000000002
83040,0.012050000000000002
83100,0.012050000000000002
83160,0.012050000000000002
83220,0.012050000000000002
83280,0.012050000000000002
83340,0.012050000000000002
83400,0.012050000000000002
83460,0.012050000000000002
83520,0.012050000000000002
83580,0.012050000000000002
83640,0.012050000000000002
83700,0.012050000000000002
83760,0.012050000000000002
83820,0.012050000000000002
83880,0.012050000000000002
83940,0.012050000000000002
84000,0.012050000000000002
84060,0.012050000000000002
84120,0.012050000000000002
84180,0.012050000000000002
84240,0.012050000000000002
84300,0.012050000000000002
84360,0.012050000000000002
84420,0.012050000000000002
84480,0.012050000000000002
84540,0.012050000000000002
84600,0.012050000000000002
84660,0.012049666666666669
84720,0.012049333333333336
84780,0.012049000000000001
84840,0.012048666666666668
84900,0.012048333333333335
84960,0.012048000000000001
85020,0.012047666666666668
85080,0.012047333333333335
85140,0.012047000000000002
85200,0.012046666666666667
85260,0.012046333333333334
85320,0.012046000000000001
85380,0.012045666666666668
85440,0.012045333333333335
85500,0.012045
85560,0.012044666666666667
85620,0.012044333333333334
85680,0.012044000000000001
85740,0.012043666666666668
85800,0.012043333333333335
85860,0.012043000000000002
85920,0.012042666666666667
85980,0.012042333333333334
86040,0.012042000000000001
86100,0.012041666666666668
86160,0.012041333333333334
86220,0.012041
86280,0.012040666666666667
86340,0.012040333333333333
86400,0.01204
86460,0.01204
86520,0.01204
86580,0.01204
86640,0.01204
86700,0.01204
86760,0.01204
86820,0.01204
86880,0.01204
86940,0.01204
87000,0.01204
87060,0.01204
87120,0.01204
87180,0.01204
87240,0.01204
87300,0.01204
87360,0.01204
87420,0.01204
87480,0.01204
87540,0.01204
87600,0.01204
87660,0.01204
87720,0.01204
87780,0.01204
87840,0.01204
87900,0.01204
87960,0.01204
88020,0.01204
88080,0.01204
88140,0.01204
88200,0.01204
88260,0.012039666666666667
88320,0.012039333333333334
88380,0.012039000000000001
88440,0.012038666666666666
88500,0.012038333333333333
88560,0.012038
88620,0.012037666666666667
88680,0.012037333333333334
88740,0.012037000000000001
88800,0.012036666666666668
88860,0.012036333333333335
88920,0.012036
88980,0.012035666666666667
89040,0.012035333333333334
89100,0.012035000000000001
89160,0.012034666666666667
89220,0.012034333333333334
89280,0.012034000000000001
89340,0.012033666666666666
89400,0.012033333333333333
89460,0.012033
89520,0.012032666666666667
89580,0.012032333333333334
89640,0.012032000000000001
89700,0.012031666666666668
89760,0.012031333333333335
89820,0.012031
89880,0.012030666666666667
89940,0.012030333333333334
90000,0.012030000000000001
90060,0.012030000000000001
90120,0.012030000000000001
90180,0.012030000000000001
90240,0.012030000000000001
90300,0.012030000000000001
90360,0.012030000000000001
90420,0.012030000000000001
90480,0.012030000000000001
90540,0.012030000000000001
90600,0.012030000000000001
90660,0.012030000000000001
90720,0.012030000000000001
90780,0.012030000000000001
90840,0.012030000000000001
90900,0.012030000000000001
90960,0.012030000000000001
91020,0.012030000000000001
91080,0.012030000000000001
91140,0.012030000000000001
91200,0.012030000000000001
91260,0.012030000000000001
91320,0.012030000000000001
91380,0.012030000000000001
91440,0.012030000000000001
91500,0.012030000000000001
91560,0.012030000000000001
91620,0.012030000000000001
91680,0.012030000000000001
91740,0.012030000000000001
91800,0.012030000000000001
91860,0.012030000000000001
91920,0.012030000000000001
91980,0.012030000000000001
92040,0.012030000000000001
92100,0.012030000000000001
92160,0.012030000000000001
92220,0.012030000000000001
92280,0.012030000000000001
92340,0.012030000000000001
92400,0.012030000000000001
92460,0.012030000000000001
92520,0.012030000000000001
92580,0.012030000000000001
92640,0.012030000000000001
92700,0.012030000000000001
92760,0.012030000000000001
92820,0.012030000000000001
92880,0.012030000000000001
92940,0.012030000000000001
93000,0.012030000000000001
93060,0.012030000000000001
93120,0.012030000000000001
93180,0.012030000000000001
93240,0.012030000000000001
93300,0.012030000000000001
93360,0.012030000000000001
93420,0.012030000000000001
93480,0.012030000000000001
93540,0.012030000000000001
93600,0.012030000000000001
93660,0.012030000000000001
93720,0.012030000000000001
93780,0.012030000000000001
93840,0.012030000000000001
93900,0.012030000000000001
93960,0.012030000000000001
94020,0.012030000000000001
94080,0.012030000000000001
94140,0.012030000000000001
94200,0.012030000000000001
94260,0.012030000000000001
94320,0.012030000000000001
94380,0.012030000000000001
94440,0.012030000000000001
94500,0.012030000000000001
94560,0.012030000000000001
94620,0.012030000000000001
94680,0.012030000000000001
94740,0.012030000000000001
94800,0.012030000000000001
94860,0.012030000000000001
94920,0.012030000000000001
94980,0.012030000000000001
95040,0.012030000000000001
95100,0.012030000000000001
95160,0.012030000000000001
95220,0.012030000000000001
95280,0.012030000000000001
95340,0.012030000000000001
95400,0.012030000000000001
95460,0.012029666666666668
95520,0.012029333333333335
95580,0.012029000000000001
95640,0.012028666666666667
95700,0.012028333333333334
95760,0.012028
95820,0.012027666666666667
95880,0.012027333333333334
95940,0.012026999999999999
96000,0.012026666666666666
96060,0.012026333333333333
96120,0.012026
96180,0.012025666666666667
96240,0.012025333333333334
96300,0.012025000000000001
96360,0.012024666666666666
96420,0.012024333333333333
96480,0.012024
96540,0.012023666666666667
96600,0.012023333333333334
96660,0.012022999999999999
96720,0.012022666666666666
96780,0.012022333333333333
96840,0.012022
96900,0.012021666666666667
96960,0.012021333333333334
97020,0.012021
97080,0.012020666666666666
97140,0.012020333333333333
97200,0.012019999999999999
97260,0.012019999999999999
97320,0.012019999999999999
97380,0.012019999999999999
97440,0.012019999999999999
97500,0.012019999999999999
97560,0.012019999999999999
97620,0.012019999999999999
97680,0.012019999999999999
97740,0.012019999999999999
97800,0.012019999999999999
97860,0.012019999999999999
97920,0.012019999999999999
97980,0.012019999999999999
98040,0.012019999999999999
98100,0.012019999999999999
98160,0.012019999999999999
98220,0.012019999999999999
98280,0.012019999999999999
98340,0.012019999999999999
98400,0.012019999999999999
98460,0.012019999999999999
98520,0.012019999999999999
98580,0.012019999999999999
98640,0.012019999999999999
98700,0.012019999999999999
98760,0.012019999999999999
98820,0.012019999999999999
98880,0.012019999999999999
98940,0.012019999999999999
99000,0.012019999999999999
99060,0.012019999999999999
99120,0.012019999999999999
99180,0.012019999999999999
99240,0.012019999999999999
99300,0.012019999999999999
99360,0.012019999999999999
99420,0.012019999999999999
99480,0.012019999999999999
99540,0.012019999999999999
99600,0.012019999999999999
99660,0.012019999999999999
99720,0.012019999999999999
99780,0.012019999999999999
99840,0.012019999999999999
99900,0.012019999999999999
99960,0.012019999999999999
100020,0.012019999999999999
100080,0.012019999999999999
100140,0.012019999999999999
100200,0.012019999999999999
100260,0.012019999999999999
100320,0.012019999999999999
100380,0.012019999999999999
100440,0.012019999999999999
100500,0.012019999999999999
100560,0.012019999999999999
100620,0.012019999999999999
100680,0.012019999999999999
100740,0.012019999999999999
100800,0.012019999999999999
100860,0.012019999999999999
100920,0.012019999999999999
100980,0.012019999999999999
101040,0.012019999999999999
101100,0.012019999999999999
101160,0.012019999999999999
101220,0.012019999999999999
101280,0.012019999999999999
101340,0.012019999999999999
101400,0.012019999999999999
101460,0.012019999999999999
101520,0.012019999999999999
101580,0.012019999999999999
101640,0.012019999999999999
101700,0.012019999999999999
101760,0.012019999999999999
101820,0.012019999999999999
101880,0.012019999999999999
101940,0.012019999999999999
102000,0.012019999999999999
102060,0.012019999999999999
102120,0.012019999999999999
102180,0.012019999999999999
102240,0.012019999999999999
102300,0.012019999999999999
102360,0.012019999999999999
102420,0.012019999999999999
102480,0.012019999999999999
102540,0.012019999999999999
102600,0.012019999999999999
102660,0.012019999999999999
102720,0.012019999999999999
102780,0.012019999999999999
102840,0.012019999999999999
102900,0.012019999999999999
102960,0.012019999999999999
103020,0.012019999999999999
103080,0.012019999999999999
103140,0.012019999999999999
103200,0.012019999999999999
103260,0.012019999999999999
103320,0.012019999999999999
103380,0.012019999999999999
103440,0.012019999999999999
103500,0.012019999999999999
103560,0.012019999999999999
103620,0.012019999999999999
103680,0.012019999999999999
103740,0.012019999999999999
103800,0.012019999999999999
103860,0.012019999999999999
103920,0.012019999999999999
103980,0.012019999999999999
104040,0.012019999999999999
104100,0.012019999999999999
104160,0.012019999999999999
104220,0.012019999999999999
104280,0.012019999999999999
104340,0.012019999999999999
104400,0.012019999999999999
104460,0.012019666666666666
104520,0.012019333333333333
104580,0.012019
104640,0.012018666666666667
104700,0.012018333333333332
104760,0.012017999999999999
104820,0.012017666666666666
104880,0.012017333333333333
104940,0.012017
105000,0.012016666666666667
105060,0.012016333333333334
105120,0.012016000000000001
105180,0.012015666666666668
105240,0.012015333333333334
105300,0.012015000000000001
105360,0.012014666666666667
105420,0.012014333333333333
105480,0.012014
105540,0.012013666666666667
105600,0.012013333333333334
105660,0.012013000000000001
105720,0.012012666666666668
105780,0.012012333333333335
105840,0.012012000000000002
105900,0.012011666666666667
105960,0.012011333333333334
106020,0.012011000000000001
106080,0.012010666666666668
106140,0.012010333333333335
106200,0.012010000000000002
106260,0.012010000000000002
106320,0.012010000000000002
106380,0.012010000000000002
106440,0.012010000000000002
106500,0.012010000000000002
106560,0.012010000000000002
106620,0.012010000000000002
106680,0.012010000000000002
106740,0.012010000000000002
106800,0.012010000000000002
106860,0.012010000000000002
106920,0.012010000000000002
106980,0.012010000000000002
107040,0.012010000000000002
107100,0.012010000000000002
107160,0.012010000000000002
107220,0.012010000000000002
107280,0.012010000000000002
107340,0.012010000000000002
107400,0.012010000000000002
107460,0.012010000000000002
107520,0.012010000000000002
107580,0.012010000000000002
107640,0.012010000000000002
107700,0.012010000000000002
107760,0.012010000000000002
107820,0.012010000000000002
107880,0.012010000000000002
107940,0.012010000000000002
108000,0.012010000000000002
108060,0.012010000000000002
108120,0.012010000000000002
108180,0.012010000000000002
108240,0.012010000000000002
108300,0.012010000000000002
108360,0.012010000000000002
108420,0.012010000000000002
108480,0.012010000000000002
108540,0.012010000000000002
108600,0.012010000000000002
108660,0.012010000000000002
108720,0.012010000000000002
108780,0.012010000000000002
108840,0.012010000000000002
108900,0.012010000000000002
108960,0.012010000000000002
109020,0.012010000000000002
109080,0.012010000000000002
109140,0.012010000000000002
109200,0.012010000000000002
109260,0.012010000000000002
109320,0.012010000000000002
109380,0.012010000000000002
109440,0.012010000000000002
109500,0.012010000000000002
109560,0.012010000000000002
109620,0.012010000000000002
109680,0.012010000000000002
109740,0.012010000000000002
109800,0.012010000000000002
109860,0.012010000000000002
109920,0.012010000000000002
109980,0.012010000000000002
110040,0.012010000000000002
110100,0.012010000000000002
110160,0.012010000000000002
110220,0.012010000000000002
110280,0.012010000000000002
110340,0.012010000000000002
110400,0.012010000000000002
110460,0.012010000000000002
110520,0.012010000000000002
110580,0.012010000000000002
110640,0.012010000000000002
110700,0.012010000000000002
110760,0.012010000000000002
110820,0.012010000000000002
110880,0.012010000000000002
110940,0.012010000000000002
111000,0.012010000000000002
111060,0.012010000000000002
111120,0.012010000000000002
111180,0.012010000000000002
111240,0.012010000000000002
111300,0.012010000000000002
111360,0.012010000000000002
111420,0.012010000000000002
111480,0.012010000000000002
111540,0.012010000000000002
111600,0.012010000000000002
111660,0.012010000000000002
111720,0.012010000000000002
111780,0.012010000000000002
111840,0.012010000000000002
111900,0.012010000000000002
111960,0.012010000000000002
112020,0.012010000000000002
112080,0.012010000000000002
112140,0.012010000000000002
112200,0.012010000000000002
112260,0.012010000000000002
112320,0.012010000000000002
112380,0.012010000000000002
112440,0.012010000000000002
112500,0.012010000000000002
112560,0.012010000000000002
112620,0.012010000000000002
112680,0.012010000000000002
112740,0.012010000000000002
112800,0.012010000000000002
112860,0.012010000000000002
112920,0.012010000000000002
112980,0.012010000000000002
113040,0.012010000000000002
113100,0.012010000000000002
113160,0.012010000000000002
113220,0.012010000000000002
113280,0.012010000000000002
113340,0.012010000000000002
113400,0.012010000000000002
113460,0.012010000000000002
113520,0.012010000000000002
113580,0.012010000000000002
113640,0.012010000000000002
113700,0.012010000000000002
113760,0.012010000000000002
113820,0.012010000000000002
113880,0.012010000000000002
113940,0.012010000000000002
114000,0.012010000000000002
114060,0.012010000000000002
114120,0.012010000000000002
114180,0.012010000000000002
114240,0.012010000000000002
114300,0.012010000000000002
114360,0.012010000000000002
114420,0.012010000000000002
114480,0.012010000000000002
114540,0.012010000000000002
114600,0.012010000000000002
114660,0.012010000000000002
114720,0.012010000000000002
114780,0.012010000000000002
114840,0.012010000000000002
114900,0.012010000000000002
114960,0.012010000000000002
115020,0.012010000000000002
115080,0.012010000000000002
115140,0.012010000000000002
115200,0.012010000000000002
115260,0.012010000000000002
115320,0.012010000000000002
115380,0.012010000000000002
115440,0.012010000000000002
115500,0.012010000000000002
115560,0.012010000000000002
115620,0.012010000000000002
115680,0.012010000000000002
115740,0.012010000000000002
115800,0.012010000000000002
115860,0.012010000000000002
115920,0.012010000000000002
115980,0.012010000000000002
116040,0.012010000000000002
116100,0.012010000000000002
116160,0.012010000000000002
116220,0.012010000000000002
116280,0.012010000000000002
116340,0.012010000000000002
116400,0.012010000000000002
116460,0.012010000000000002
116520,0.012010000000000002
116580,0.012010000000000002
116640,0.012010000000000002
116700,0.012010000000000002
116760,0.012010000000000002
116820,0.012010000000000002
116880,0.012010000000000002
116940,0.012010000000000002
117000,0.012010000000000002
117060,0.012010000000000002
117120,0.012010000000000002
117180,0.012010000000000002
117240,0.012010000000000002
117300,0.012010000000000002
117360,0.012010000000000002
117420,0.012010000000000002
117480,0.012010000000000002
117540,0.012010000000000002
117600,0.012010000000000002
117660,0.012010000000000002
117720,0.012010000000000002
117780,0.012010000000000002
117840,0.012010000000000002
117900,0.012010000000000002
117960,0.012010000000000002
118020,0.012010000000000002
118080,0.012010000000000002
118140,0.012010000000000002
118200,0.012010000000000002
118260,0.012010000000000002
118320,0.012010000000000002
118380,0.012010000000000002
118440,0.012010000000000002
118500,0.012010000000000002
118560,0.012010000000000002
118620,0.012010000000000002
118680,0.012010000000000002
118740,0.012010000000000002
118800,0.012010000000000002
118860,0.012010000000000002
118920,0.012010000000000002
118980,0.012010000000000002
119040,0.012010000000000002
119100,0.012010000000000002
119160,0.012010000000000002
119220,0.012010000000000002
119280,0.012010000000000002
119340,0.012010000000000002
119400,0.012010000000000002
119460,0.012010000000000002
119520,0.012010000000000002
119580,0.012010000000000002
119640,0.012010000000000002
119700,0.012010000000000002
119760,0.012010000000000002
119820,0.012010000000000002
119880,0.012010000000000002
119940,0.012010000000000002
120000,0.012010000000000002
120060,0.012010000000000002
120120,0.012010000000000002
120180,0.012010000000000002
120240,0.012010000000000002
120300,0.012010000000000002
120360,0.012010000000000002
120420,0.012010000000000002
120480,0.012010000000000002
120540,0.012010000000000002
120600,0.012010000000000002
120660,0.012010000000000002
120720,0.012010000000000002
120780,0.012010000000000002
120840,0.012010000000000002
120900,0.012010000000000002
120960,0.012010000000000002
121020,0.012010000000000002
121080,0.012010000000000002
121140,0.012010000000000002
121200,0.012010000000000002
121260,0.012010000000000002
121320,0.012010000000000002
121380,0.012010000000000002
121440,0.012010000000000002
121500,0.012010000000000002
121560,0.012010000000000002
121620,0.012010000000000002
121680,0.012010000000000002
121740,0.012010000000000002
121800,0.012010000000000002
121860,0.012010000000000002
121920,0.012010000000000002
121980,0.012010000000000002
122040,0.012010000000000002
122100,0.012010000000000002
122160,0.012010000000000002
122220,0.012010000000000002
122280,0.012010000000000002
122340,0.012010000000000002
122400,0.012010000000000002
122460,0.012010000000000002
122520,0.012010000000000002
122580,0.012010000000000002
122640,0.012010000000000002
122700,0.012010000000000002
122760,0.012010000000000002
122820,0.012010000000000002
122880,0.012010000000000002
122940,0.012010000000000002
123000,0.012010000000000002
123060,0.012010000000000002
123120,0.012010000000000002
123180,0.012010000000000002
123240,0.012010000000000002
123300,0.012010000000000002
123360,0.012010000000000002
123420,0.012010000000000002
123480,0.012010000000000002
123540,0.012010000000000002
123600,0.012010000000000002
123660,0.012010000000000002
123720,0.012010000000000002
123780,0.012010000000000002
123840,0.012010000000000002
123900,0.012010000000000002
123960,0.012010000000000002
124020,0.012010000000000002
124080,0.012010000000000002
124140,0.012010000000000002
124200,0.012010000000000002
124260,0.012009666666666668
124320,0.012009333333333335
124380,0.012009000000000002
124440,0.012008666666666667
124500,0.012008333333333334
124560,0.012008000000000001
124620,0.012007666666666668
124680,0.012007333333333335
124740,0.012007
124800,0.012006666666666667
124860,0.012006333333333334
124920,0.012006000000000001
124980,0.012005666666666668
125040,0.012005333333333335
125100,0.012005000000000002
125160,0.012004666666666667
125220,0.012004333333333334
125280,0.012004000000000001
125340,0.012003666666666668
125400,0.012003333333333335
125460,0.012003
125520,0.012002666666666667
125580,0.012002333333333334
125640,0.012002000000000001
125700,0.012001666666666667
125760,0.012001333333333334
125820,0.012001000000000001
125880,0.012000666666666666
125940,0.012000333333333333
126000,0.012
126060,0.012
126120,0.012
126180,0.012
126240,0.012
126300,0.012
126360,0.012
126420,0.012
126480,0.012
126540,0.012
126600,0.012
126660,0.012
126720,0.012
126780,0.012
126840,0.012
126900,0.012
126960,0.012
127020,0.012
127080,0.012
127140,0.012
127200,0.012
127260,0.012
127320,0.012
127380,0.012
127440,0.012
127500,0.012
127560,0.012
127620,0.012
127680,0.012
127740,0.012
127800,0.012
127860,0.012
127920,0.012
127980,0.012
128040,0.012
128100,0.012
128160,0.012
128220,0.012
128280,0.012
128340,0.012
128400,0.012
128460,0.012
128520,0.012
128580,0.012
128640,0.012
128700,0.012
128760,0.012
128820,0.012
128880,0.012
128940,0.012
129000,0.012
129060,0.012
129120,0.012
129180,0.012
129240,0.012
129300,0.012
129360,0.012
129420,0.012
129480,0.012
129540,0.012
129600,0.012
129660,0.012
129720,0.012
129780,0.012
129840,0.012
129900,0.012
129960,0.012
130020,0.012
130080,0.012
130140,0.012
130200,0.012
130260,0.012
130320,0.012
130380,0.012
130440,0.012
130500,0.012
130560,0.012
130620,0.012
130680,0.012
130740,0.012
130800,0.012
130860,0.012
130920,0.012
130980,0.012
131040,0.012
131100,0.012
131160,0.012
131220,0.012
131280,0.012
131340,0.012
131400,0.012
131460,0.012
131520,0.012
131580,0.012
131640,0.012
131700,0.012
131760,0.012
131820,0.012
131880,0.012
131940,0.012
132000,0.012
132060,0.012
132120,0.012
132180,0.012
132240,0.012
132300,0.012
132360,0.012
132420,0.012
132480,0.012
132540,0.012
132600,0.012
132660,0.012
132720,0.012
132780,0.012
132840,0.012
132900,0.012
132960,0.012
133020,0.012
133080,0.012
133140,0.012
133200,0.012
133260,0.012
133320,0.012
133380,0.012
133440,0.012
133500,0.012
133560,0.012
133620,0.012
133680,0.012
133740,0.012
133800,0.012
133860,0.012
133920,0.012
133980,0.012
134040,0.012
134100,0.012
134160,0.012
134220,0.012
134280,0.012
134340,0.012
134400,0.012
134460,0.012
134520,0.012
134580,0.012
134640,0.012
134700,0.012
134760,0.012
134820,0.012
134880,0.012
134940,0.012
135000,0.012
135060,0.012
135120,0.012
135180,0.012
135240,0.012
135300,0.012
135360,0.012
135420,0.012
135480,0.012
135540,0.012
135600,0.012
135660,0.012
135720,0.012
135780,0.012
135840,0.012
135900,0.012
135960,0.012
136020,0.012
136080,0.012
136140,0.012
136200,0.012
136260,0.012
136320,0.012
136380,0.012
136440,0.012
136500,0.012
136560,0.012
136620,0.012
136680,0.012
136740,0.012
136800,0.012
136860,0.012
136920,0.012
136980,0.012
137040,0.012
137100,0.012
137160,0.012
137220,0.012
137280,0.012
137340,0.012
137400,0.012
137460,0.012
137520,0.012
137580,0.012
137640,0.012
137700,0.012
137760,0.012
137820,0.012
137880,0.012
137940,0.012
138000,0.012
138060,0.012
138120,0.012
138180,0.012
138240,0.012
138300,0.012
138360,0.012
138420,0.012
138480,0.012
138540,0.012
138600,0.012
138660,0.012
138720,0.012
138780,0.012
138840,0.012
138900,0.012
138960,0.012
139020,0.012
139080,0.012
139140,0.012
139200,0.012
139260,0.012
139320,0.012
139380,0.012
139440,0.012
139500,0.012
139560,0.012
139620,0.012
139680,0.012
139740,0.012
139800,0.012
139860,0.012
139920,0.012
139980,0.012
140040,0.012
140100,0.012
140160,0.012
140220,0.012
140280,0.012
140340,0.012
140400,0.012
140460,0.012
140520,0.012
140580,0.012
140640,0.012
140700,0.012
140760,0.012
140820,0.012
140880,0.012
140940,0.012
141000,0.012
141060,0.012
141120,0.012
141180,0.012
141240,0.012
141300,0.012
141360,0.012
141420,0.012
141480,0.012
141540,0.012
141600,0.012
141660,0.012
141720,0.012
141780,0.012
141840,0.012
141900,0.012
141960,0.012
142020,0.012
142080,0.012
142140,0.012
142200,0.012
142260,0.012
142320,0.012
142380,0.012
142440,0.012
142500,0.012
142560,0.012
142620,0.012
142680,0.012
142740,0.012
142800,0.012
142860,0.012
142920,0.012
142980,0.012
143040,0.012
143100,0.012
143160,0.012
143220,0.012
143280,0.012
143340,0.012
143400,0.012
143460,0.012
143520,0.012
143580,0.012
143640,0.012
143700,0.012
143760,0.012
143820,0.012
143880,0.012
143940,0.012
144000,0.012
144060,0.012
144120,0.012
144180,0.012
144240,0.012
144300,0.012
144360,0.012
144420,0.012
144480,0.012
144540,0.012
144600,0.012
144660,0.012
144720,0.012
144780,0.012
144840,0.012
144900,0.012
144960,0.012
145020,0.012
145080,0.012
145140,0.012
145200,0.012
145260,0.012
145320,0.012
145380,0.012
145440,0.012
145500,0.012
145560,0.012
145620,0.012
145680,0.012
145740,0.012
145800,0.012
145860,0.012
145920,0.012
145980,0.012
146040,0.012
146100,0.012
146160,0.012
146220,0.012
146280,0.012
146340,0.012
146400,0.012
146460,0.012
146520,0.012
146580,0.012
146640,0.012
146700,0.012
146760,0.012
146820,0.012
146880,0.012
146940,0.012
147000,0.012
147060,0.012
147120,0.012
147180,0.012
147240,0.012
147300,0.012
147360,0.012
147420,0.012
147480,0.012
147540,0.012
147600,0.012
147660,0.012
147720,0.012
147780,0.012
147840,0.012
147900,0.012
147960,0.012
148020,0.012
148080,0.012
148140,0.012
148200,0.012
148260,0.012
148320,0.012
148380,0.012
148440,0.012
148500,0.012
148560,0.012
148620,0.012
148680,0.012
148740,0.012
148800,0.012
148860,0.012
148920,0.012
148980,0.012
149040,0.012
149100,0.012
149160,0.012
149220,0.012
149280,0.012
149340,0.012
149400,0.012
149460,0.012
149520,0.012
149580,0.012
149640,0.012
149700,0.012
149760,0.012
149820,0.012
149880,0.012
149940,0.012
150000,0.012
150060,0.012
150120,0.012
150180,0.012
150240,0.012
150300,0.012
150360,0.012
150420,0.012
150480,0.012
150540,0.012
150600,0.012
150660,0.012
150720,0.012
150780,0.012
150840,0.012
150900,0.012
150960,0.012
151020,0.012
151080,0.012
151140,0.012
151200,0.012
151260,0.012
151320,0.012
151380,0.012
151440,0.012
151500,0.012
151560,0.012
151620,0.012
151680,0.012
151740,0.012
151800,0.012
151860,0.012
151920,0.012
151980,0.012
152040,0.012
152100,0.012
152160,0.012
152220,0.012
152280,0.012
152340,0.012
152400,0.012
152460,0.012
152520,0.012
152580,0.012
152640,0.012
152700,0.012
152760,0.012
152820,0.012
152880,0.012
152940,0.012
153000,0.012
153060,0.012
153120,0.012
153180,0.012
153240,0.012
153300,0.012
153360,0.012
153420,0.012
153480,0.012
153540,0.012
153600,0.012
153660,0.012
153720,0.012
153780,0.012
153840,0.012
153900,0.012
153960,0.012
154020,0.012
154080,0.012
154140,0.012
154200,0.012
154260,0.012
154320,0.012
154380,0.012
154440,0.012
154500,0.012
154560,0.012
154620,0.012
154680,0.012
154740,0.012
154800,0.012
154860,0.012
154920,0.012
154980,0.012
155040,0.012
155100,0.012
155160,0.012
155220,0.012
155280,0.012
155340,0.012
155400,0.012
155460,0.012
155520,0.012
155580,0.012
155640,0.012
155700,0.012
155760,0.012
155820,0.012
155880,0.012
155940,0.012
156000,0.012
156060,0.012
156120,0.012
156180,0.012
156240,0.012
156300,0.012
156360,0.012
156420,0.012
156480,0.012
156540,0.012
156600,0.012
156660,0.012
156720,0.012
156780,0.012
156840,0.012
156900,0.012
156960,0.012
157020,0.012
157080,0.012
157140,0.012
157200,0.012
157260,0.012
157320,0.012
157380,0.012
157440,0.012
157500,0.012
157560,0.012
157620,0.012
157680,0.012
157740,0.012
157800,0.012
157860,0.012
157920,0.012
157980,0.012
158040,0.012
158100,0.012
158160,0.012
158220,0.012
158280,0.012
158340,0.012
158400,0.012
158460,0.012
158520,0.012
158580,0.012
158640,0.012
158700,0.012
158760,0.012
158820,0.012
158880,0.012
158940,0.012
159000,0.012
159060,0.012
159120,0.012
159180,0.012
159240,0.012
159300,0.012
159360,0.012
159420,0.012
159480,0.012
159540,0.012
159600,0.012
159660,0.012
159720,0.012
159780,0.012
159840,0.012
159900,0.012
159960,0.012
160020,0.012
160080,0.012
160140,0.012
160200,0.012
160260,0.012
160320,0.012
160380,0.012
160440,0.012
160500,0.012
160560,0.012
160620,0.012
160680,0.012
160740,0.012
160800,0.012
160860,0.012
160920,0.012
160980,0.012
161040,0.012
161100,0.012
161160,0.012
161220,0.012
161280,0.012
161340,0.012
161400,0.012
161460,0.012
161520,0.012
161580,0.012
161640,0.012
161700,0.012
161760,0.012
161820,0.012
161880,0.012
161940,0.012
162000,0.012
162060,0.012
162120,0.012
162180,0.012
162240,0.012
162300,0.012
162360,0.012
162420,0.012
162480,0.012
162540,0.012
162600,0.012
162660,0.012
162720,0.012
162780,0.012
162840,0.012
162900,0.012
162960,0.012
163020,0.012
163080,0.012
163140,0.012
163200,0.012
163260,0.012
163320,0.012
163380,0.012
163440,0.012
163500,0.012
163560,0.012
163620,0.012
163680,0.012
163740,0.012
163800,0.012
163860,0.012
163920,0.012
163980,0.012
164040,0.012
164100,0.012
164160,0.012
164220,0.012
164280,0.012
164340,0.012
164400,0.012
164460,0.012
164520,0.012
164580,0.012
164640,0.012
164700,0.012
164760,0.012
164820,0.012
164880,0.012
164940,0.012
165000,0.012
165060,0.012
165120,0.012
165180,0.012
165240,0.012
165300,0.012
165360,0.012
165420,0.012
165480,0.012
165540,0.012
165600,0.012
165660,0.012
165720,0.012
165780,0.012
165840,0.012
165900,0.012
165960,0.012
166020,0.012
166080,0.012
166140,0.012
166200,0.012
166260,0.012
166320,0.012
166380,0.012
166440,0.012
166500,0.012
166560,0.012
166620,0.012
166680,0.012
166740,0.012
166800,0.012
166860,0.012
166920,0.012
166980,0.012
167040,0.012
167100,0.012
167160,0.012
167220,0.012
167280,0.012
167340,0.012
167400,0.012
167460,0.012
167520,0.012
167580,0.012
167640,0.012
167700,0.012
167760,0.012
167820,0.012
167880,0.012
167940,0.012
168000,0.012
168060,0.012
168120,0.012
168180,0.012
168240,0.012
168300,0.012
168360,0.012
168420,0.012
168480,0.012
168540,0.012
168600,0.012
168660,0.012
168720,0.012
168780,0.012
168840,0.012
168900,0.012
168960,0.012
169020,0.012
169080,0.012
169140,0.012
169200,0.012
169260,0.012
169320,0.012
169380,0.012
169440,0.012
169500,0.012
169560,0.012
169620,0.012
169680,0.012
169740,0.012
169800,0.012
169860,0.012
169920,0.012
169980,0.012
170040,0.012
170100,0.012
170160,0.012
170220,0.012
170280,0.012
170340,0.012
170400,0.012
170460,0.012
170520,0.012
170580,0.012
170640,0.012
170700,0.012
170760,0.012
170820,0.012
170880,0.012
170940,0.012
171000,0.012
171060,0.012
171120,0.012
171180,0.012
171240,0.012
171300,0.012
171360,0.012
171420,0.012
171480,0.012
171540,0.012
171600,0.012
171660,0.012
171720,0.012
171780,0.012
171840,0.012
171900,0.012
171960,0.012
172020,0.012
172080,0.012
172140,0.012
172200,0.012
172260,0.012
172320,0.012
172380,0.012
172440,0.012
172500,0.012
172560,0.012
172620,0.012
172680,0.012
172740,0.012
172800,0.012
172860,0.012
172920,0.012
172980,0.012
173040,0.012
173100,0.012
173160,0.012
173220,0.012
173280,0.012
173340,0.012
173400,0.012
173460,0.012
173520,0.012
173580,0.012
173640,0.012
173700,0.012
173760,0.012
173820,0.012
173880,0.012
173940,0.012
174000,0.012
174060,0.012
174120,0.012
174180,0.012
174240,0.012
174300,0.012
174360,0.012
174420,0.012
174480,0.012
174540,0.012
174600,0.012
174660,0.012
174720,0.012
174780,0.012
174840,0.012
174900,0.012
174960,0.012
175020,0.012
175080,0.012
175140,0.012
175200,0.012
175260,0.012
175320,0.012
175380,0.012
175440,0.012
175500,0.012
175560,0.012
175620,0.012
175680,0.012
175740,0.012
175800,0.012
175860,0.012
175920,0.012
175980,0.012
176040,0.012
176100,0.012
176160,0.012
176220,0.012
176280,0.012
176340,0.012
176400,0.012
176460,0.012
176520,0.012
176580,0.012
176640,0.012
176700,0.012
176760,0.012
176820,0.012
176880,0.012
176940,0.012
177000,0.012
177060,0.012
177120,0.012
177180,0.012
177240,0.012
177300,0.012
177360,0.012
177420,0.012
177480,0.012
177540,0.012
177600,0.012
177660,0.012
177720,0.012
177780,0.012
177840,0.012
177900,0.012
177960,0.012
178020,0.012
178080,0.012
178140,0.012
178200,0.012
178260,0.012
178320,0.012
178380,0.012
178440,0.012
178500,0.012
178560,0.012
178620,0.012
178680,0.012
178740,0.012
178800,0.012
178860,0.012
178920,0.012
178980,0.012
179040,0.012
179100,0.012
179160,0.012
179220,0.012
179280,0.012
179340,0.012
179400,0.012
179460,0.012
179520,0.012
179580,0.012
179640,0.012
179700,0.012
179760,0.012
179820,0.012
179880,0.012
179940,0.012
180000,0.012
180060,0.012
180120,0.012
180180,0.012
180240,0.012
180300,0.012
180360,0.012
180420,0.012
180480,0.012
180540,0.012
180600,0.012
180660,0.012
180720,0.012
180780,0.012
180840,0.012
180900,0.012
180960,0.012
181020,0.012
181080,0.012
181140,0.012
181200,0.012
181260,0.012
181320,0.012
181380,0.012
181440,0.012
181500,0.012
181560,0.012
181620,0.012
181680,0.012
181740,0.012
181800,0.012
181860,0.012
181920,0.012
181980,0.012
182040,0.012
182100,0.012
182160,0.012
182220,0.012
182280,0.012
182340,0.012
182400,0.012
182460,0.012
182520,0.012
182580,0.012
182640,0.012
182700,0.012
182760,0.012
182820,0.012
182880,0.012
182940,0.012
183000,0.012
183060,0.012
183120,0.012
183180,0.012
183240,0.012
183300,0.012
183360,0.012
183420,0.012
183480,0.012
183540,0.012
183600,0.012
183660,0.012
183720,0.012
183780,0.012
183840,0.012
183900,0.012
183931.23846132591,0.012
