C,D4_over_D3
0.040000000000000001,7.4411893500109869
0.040465638602786153,7.1269216757204719
0.040936697688282432,6.8293168381505707
0.041413240356138692,6.5473521753687312
0.041895330440545692,6.2800753303407655
0.042383032518785675,6.0265989454964384
0.042876411919882854,5.7860957907558754
0.043375534733354308,5.5577942870600996
0.043880467818062832,5.3409743909834662
0.044391278811172975,5.1349638091928735
0.044908036137211095,4.9391345143939178
0.045430809017231108,4.7528995369989202
0.045959667478086823,4.5757100090961496
0.046494682361812124,4.4070524394178028
0.04703592533511064,4.2464461999198635
0.04758346889895549,4.0934412063206818
0.048137386398301181,3.9476157765139139
0.048697752031908244,3.8085746521935442
0.049264640862282341,3.6759471703169204
0.049838128825729196,3.5493855722004346
0.050418292742526426,3.4285634391030033
0.051005210327213744,3.3131742441151775
0.051598960199003195,3.2029300110463583
0.052199621892310234,3.0975600717977518
0.052607501028881863,3.0293107275071374
0.052807275867407744,2.9968099144314881
0.053422003521203826,2.9004401148044181
0.054043887198145069,2.8082253452339256
0.054673010201246972,2.7199534542086887
0.055309456803252527,2.635424611654654
0.055953312257920697,2.5544505147197984
0.056604662811446604,2.4768536494549056
0.057263595714014168,2.4024666041453138
0.057930199231483771,2.3311314303931869
0.058604562657215573,2.2626990483652092
0.059286776324030545,2.1970286929084519
0.059976931616310979,2.1339873975006793
0.060675120982241454,2.0734495132424975
0.061381437946192725,2.0152962603193623
0.062095977121249493,1.9594153095637523
0.06281883422188396,1.9057003919330016
0.063550106076777302,1.8540509338881619
0.064289890641789846,1.8043717168151656
0.065038287013082771,1.7565725587724268
0.065795395440392201,1.7105680169804249
0.066561317340457851,1.6662771095893454
0.067336155310608284,1.6236230553716766
0.068120013142503835,1.5825330300886165
0.068912995836040061,1.5429379383727688
0.069715209613412626,1.5047722000559531
0.070526761933345936,1.467973549950282
0.071347761505487828,1.4324828501637867
0.072178318304971179,1.3982439140993335
0.073018543587145684,1.3652033413475591
0.073868549902480665,1.3333103627419649
0.074728451111641392,1.3025166948970721
0.075598362400741359,1.2727764035993374
0.076478400296771401,1.2440457754656213
0.077368682683209108,1.2162831973255188
0.078269328815809489,1.1894490428224038
0.079180459338579562,1.1635055657635298
0.08010219629993913,1.1384167997824217
0.081034663169069251,1.1141484639072365
0.08197798485245153,1.0906678736568922
0.082932287710599503,1.0679438573128799
0.083897699574985093,1.0459466770387884
0.084874349765161824,1.0246479545419931
0.085862369106087633,1.004020600992678
0.086060035345805988,1
0.086861889945649293,0.98403875093462956
0.087873046172390681,0.96467769994008978
0.088895973233447584,0.94591384577752291
0.089930808152691,0.92772463287654394
0.090977689549082238,0.91008849988853402
0.0920367576552409,0.89298483015477825
0.093108154336229723,0.87639390490626023
0.094192023108557732,0.86029685903076081
0.095288509159404455,0.84467563925356892
0.096397759366068494,0.8295129645880327
0.097519922315641758,0.81479228892145594
0.098655148324913469,0.80049776561041452
0.09980358946050534,0.78661421396762587
0.10096539955924112,0.77312708752994563
0.10214073424875392,0.76002244400403862
0.10332975096833243,0.74728691679278736
0.10453260899001081,0.73490768801151241
0.10574946943990331,0.7228724629087816
0.10698049531978761,0.71116944561182227
0.10822585152893952,0.69978731612149192
0.10948570488622145,0.68871520848636336
0.11076022415242838,0.67794269008976893
0.11204958005289382,0.66745974198767521
0.1133539453003589,0.65725674023900393
0.11467349461810783,0.6473244381735348
0.11600840476337236,0.63765394954580712
0.117358854551009,0.62823673252650702
0.11872502487745192,0.61906457448570917
0.12010709874494407,0.61012957752503794
0.12150526128605144,0.60142414471832228
0.12291969978846151,0.59294096702270538
0.1243506037200713,0.58467301082436041
0.12579816475436703,0.57661350608505824
0.12726257679609915,0.56875593505777722
0.12874403600725667,0.56109402154136068
0.13024274083334339,0.55362172064596016
0.1317588920299603,0.54633320904259486
0.13329269268969735,0.5392228756716777
0.13484434826933822,0.53228531288677217
0.13641406661738181,0.5255153080111804
0.13800205800188417,0.51890783528620832
0.13960853513862442,0.51245804819113849
0.14123371321959868,0.50616127211604089
0.14287780994184554,0.50001299736959592
0.14454104553660718,0.49400887250508063
0.14622364279883007,0.48814469794858989
0.14792582711700875,0.48241641991443296
0.14964782650337749,0.47682012459345857
0.15000000000000011,0.47569931998033255
0.15138987162445294,0.47135203260083325
0.15315219583193257,0.46600849367051722
0.15493503519395282,0.46078598158436801
0.15673862852671122,0.45568108932444201
0.1585632174264561,0.4506905244376711
0.16040904630184941,0.44581110460265999
0.1622763624067057,0.44103975338889356
0.16416541587311262,0.43637349619914573
0.16607645974493671,0.4318094563863652
0.16800975001171928,0.42734485153676399
0.16996554564296698,0.42297698991126276
0.17194410862284135,0.41870326703784871
0.17394570398525261,0.41452116244778547
0.17597059984936128,0.41042823654897254
0.17801906745549373,0.406422127630093
0.18009138120147547,0.40250054898950777
0.18218781867938752,0.39866128618316338
0.18430866071275068,0.39490219438606111
0.18645419139414249,0.39122119586211485
0.18862469812325225,0.38761627753747463
0.19082047164537896,0.38408548867264297
0.19304180609037769,0.38062693862893682
0.19528899901205865,0.37723879472506999
0.19756235142804568,0.37391928017983372
0.19986216786009825,0.37066667213705168
0.20218875637490288,0.36747929976917121
0.20454242862533986,0.36435554245602392
0.20692349989222961,0.36129382803546417
0.20933228912656557,0.35829263112273996
0.21176911899223852,0.35535047149561266
0.21423431590925854,0.35246591254237397
0.21672821009747939,0.34963755977005068
0.21925113562083273,0.34686405937021003
0.22180343043207679,0.34414409683990344
0.22438543641806591,0.34147639565540017
0.22699749944554765,0.33885971599647113
0.22963996940749204,0.336292853519089
0.23231320026996102,0.3337746381745067
0.23501755011952313,0.33130393307277167
0.23775338121122006,0.3288796333888227
0.24052106001709195,0.32650066530939914
0.24332095727526701,0.32416598501907418
0.24615344803962314,0.32187457772379946
0.24901891173002716,0.31962545671042175
0.2519177321831596,0.31741766244070035
0.2548502977039302,0.31525026167842152
0.25781700111749251,0.31312234664826694
0.26081823982186414,0.31103303422515427
0.26385441584115898,0.30898146515282332
0.2669259358794398,0.30696680329049708
0.27003321137519704,0.30498823488649623
0.27317665855646212,0.30304496787773583
0.27635669849656258,0.30113623121408034
0.27957375717052591,0.29926127420657533
0.28282826551213985,0.29741936589861934
0.28612065947167747,0.29560979445917729
0.28945138007429355,0.29383186659717658
0.29282087347910146,0.29208490699626416
0.2962295910389372,0.29036825776913638
0.2996779893608193,0.28868127793068843
0.30316653036711266,0.28702334288926046
0.30669568135740438,0.28539384395528933
0.31026591507109952,0.28379218786670307
0.31387770975074636,0.28221779633042271
0.31753154920609772,0.28067010557936345
0.32122792287891894,0.279148565944351
0.32496732590854982,0.27765264144039514
0.32875025919823003,0.27618180936678216
0.33257722948219626,0.27473555992047444
0.33644874939356079,0.27331339582232167
0.34036533753297993,0.27191483195561206
0.34432751853812216,0.27053939501650826
0.34833582315394501,0.26918662317593406
0.35239078830378923,0.26785606575249199
0.35649295716130136,0.26654728289601126
0.3606428792231936,0.26525984528134122
0.36484111038285016,0.26399333381201945
0.36908821300479061,0.26274733933345967
0.37338475600000032,0.26152146235531881
0.37773131490213757,0.26031531278271391
0.38212847194462762,0.25912850965597584
0.38657681613865524,0.25796068089863561
0.39107694335206328,0.25681146307335384
0.39562945638917163,0.25568050114551238
0.40023496507152412,0.25456744825420125
0.40489408631957574,0.25347196549034051
0.40960744423533141,0.2523937216816905
0.41437567018594496,0.25133239318451028
0.41919940288829383,0.25028766368163524
0.4240792884945363,0.24925922398675229
0.42901598067866475,0.2482467718546609
0.43401014072406824,0.24725001179731368
0.43906243761211278,0.24626865490544167
0.4441735481117523,0.24530241867557315
0.44934415687018553,0.24435102684226409
0.45457495650456425,0.24341420921536508
0.4598666476947732,0.2424917015221543
0.46521993927728694,0.24158324525417518
0.47063554834012022,0.24068858751862099
0.47611420031888502,0.23980748089411486
0.48165662909396317,0.23893968329074089
0.48726357708881307,0.23808495781418451
0.49293579536941867,0.23724307263384881
0.49867404374489593,0.23641380085481459
0.50447909086927345,0.23559692039351962
0.51035171434445326,0.23479221385703661
0.51629270082437484,0.23399946842583141
0.52230284612038869,0.23321847573989074
0.52838295530785684,0.23244903178810999
0.53453384283399619,0.23169093680083644
0.54075633262697431,0.23094399514546721
0.54705125820627887,0.23020801522500434
0.55341946279436849,0.2294828093794731
0.55986179942962422,0.22876819379011323
0.56637913108061788,0.2280639883862543
0.57297233076170828,0.22737001675479257
0.57964228164998333,0.22668610605218653
0.58638987720356539,0.22601208691889241
0.59321602128129047,0.22534779339616473
0.6001216282637849,0.22469306284514712
0.60710762317594757,0.22404773586818344
0.61417494181085908,0.22341165623228071
0.62132453085513617,0.22278467079465697
0.6285573480157397,0.22216662943031149
0.63587436214826498,0.22155738496155414
0.64327655338672152,0.22095679308943539
0.65076491327482344,0.22036471232701907
0.65834044489881205,0.21978100393444133
0.66600416302181931,0.21920553185570363
0.67375709421980023,0.21863816265714606
0.68160027701904446,0.21807876546755142
0.68953476203528941,0.21752721191983163
0.69756161211445411,0.21698337609424884
0.70568190247500995,0.21644713446312613
0.71389672085200828,0.21591836583700375
0.72220716764278703,0.21539695131219797
0.7306143560543702,0.21488277421972182
0.73911941225258648,0.21437572007552758
0.74772347551292206,0.2138756765320326
0.75642769837312795,0.21338253333089116
0.7652332467876084,0.21289618225697562
0.77414130028360051,0.21241651709353335
0.78315305211917807,0.21194343357848372
0.79226970944309039,0.21147682936182394
0.80149249345646201,0.21101660396411148
0.81082263957637857,0.2105626587359917
0.82026139760137151,0.21011489681874218
0.82981003187883429,0.20967322310580405
0.83946982147438431,0.20923754420527249
0.84924206034319594,0.20880776840331991
0.8591280575033321,0.20838380562852482
0.86912913721108775,0.20796556741708191
0.87924663913838008,0.20755296687886779
0.88948191855220071,0.20714591866433932
0.89983634649615529,0.20674433893224123
0.91031130997412169,0.20634814531810036
0.92090821213604146,0.20595725690348518
0.93162847246587421,0.20557159418600948
0.94247352697174469,0.20519107905005957
0.95344482837829592,0.20481563473822559
0.96454384632128953,0.20444518582341739
0.97577206754446544,0.20407965818164694
0.98713099609869415,0.20371897896545854
0.99862215354345185,0.20336307657798952
1.0102470791506335,0.20301188064764528
1.0220073301107455,0.20266532200337067
1.0339044817414951,0.20232333265050326
1.0459401276988061,0.201985845747192
1.0581158801902975,0.20165279558136659
1.0704333701912383,0.20132411754824309
1.0828942476630261,0.20099974812835122
1.0955001817742007,0.20067962486606999
1.1082528611240332,0.200363686348658
1.1211539939687216,0.20005187218576592
1.1342053084502148,0.1997441229894176
1.1474085528276994,0.19944038035444897
1.160765495711789,0.19914058683939154
1.1742779263014289,0.19884468594778995
1.187947654623569,0.19855262210994165
1.2017765117756194,0.19826434066504839
1.2157663501707296,0.19797978784376882
1.2299190437859278,0.19769891075116172
1.2442364884131416,0.19742165735000994
1.2587206019131474,0.19714797644451562
1.2733733244724721,0.1968778176643573
1.2881966188632847,0.19661113144909925
1.3031924707063187,0.19634786903294457
1.3183628887368466,0.19608798242982364
1.3337099050737597,0.19583142441880888
1.3492355754917751,0.19557814852984795
1.3649419796968087,0.19532810902980796
1.3808312216045637,0.19508126090882194
1.3969054296223495,0.1948375598669313
1.4131667569341926,0.19459696230101547
1.4296173817892599,0.19435942529200342
1.4462595077936382,0.19412490659235856
1.4630953642055182,0.19389336461383133
1.4801272062338076,0.19366475841547234
1.4973573153402191,0.19343904769190032
1.5147879995448856,0.19321619276181795
1.5324215937355179,0.19299615455677047
1.5502604599801759,0.19277889461013994
1.5683069878436711,0.19256437504637136
1.5865635947076528,0.19235255857042274
1.6050327260944293,0.19214340845743605
1.6237168559945454,0.19193688854262206
1.6426184871981857,0.19173296321135502
1.6617401516304278,0.19153159738947154
1.6810844106903984,0.19133275653376941
1.7006538555943853,0.1911364066227012
1.720451107722931,0.19094251414725824
1.7404788189719804,0.19075104610204047
1.7607396721081061,0.19056196997650812
1.7812363811278698,0.19037525374641021
1.8019716916213764,0.19019086586538653
1.8229483811400453,0.19000877525673901
1.8441692595686781,0.18982895130536792
1.8656371695018468,0.18965136384986972
1.8873549866246651,0.18947598317479269
1.9093256200979993,0.18930278000304671
1.9315520129481556,0.18913172548846346
1.954037142461104,0.18896279120850407
1.9767840205813005,0.1887959491571102
1.9997956943151367,0.18863117173769597
2.0230752461391028,0.18846843175627748
2.04662579441269,0.18830770241473588
2.0704504937961001,0.18814895730421247
2.0945525356728285,0.18799217039863184
2.1189351485771502,0.18783731604835024
2.1436015986265979,0.18768436897392693
2.1685551899594646,0.18753330426001544
2.1937992651773985,0.18738409734937181
2.2193372057931615,0.18723672403697783
2.245172432683582,0.18709116046427626
2.2713084065478006,0.18694738311351602
2.2977486283708353,0.18680536880220389
2.3244966398925446,0.18666509467766237
2.3515560240820621,0.18652653821168888
2.3789304056177345,0.18638967719531657
2.4066234513726674,0.18625448973367231
2.434638870905907,0.18612095424093175
2.4629804169593434,0.18598904943536762
2.4916518859604078,0.18585875433449056
2.5206571185306106,0.18573004825028
2.5499999999999998,0.18560291078450278
